<DBTransporter Version="3.0">
  <Header>
    <Parameter Name="Display">iamserver\OneIM</Parameter>
    <Parameter Name="Edition">STE</Parameter>
    <Parameter Name="Version">8.2</Parameter>
    <Parameter Name="DBSystem">MSSQL</Parameter>
    <Parameter Name="DBServer">IAMSERVER</Parameter>
    <Parameter Name="DBName">OneIM</Parameter>
    <Parameter Name="UserDisplay">viadmin</Parameter>
    <Parameter Name="UserName">viadmin</Parameter>
    <Parameter Name="ExportDate">2021-09-20 08:27:38</Parameter>
    <Parameter Name="Description">report 2</Parameter>
    <Parameter Name="Parts">Common</Parameter>
    <Parameter Name="Modules">CCC,QBM,QER,AAD</Parameter>
  </Header>
  <Tasks>
    <Task Class="VI.Transport.ObjectTransport, VI.Transport" Display="ObjectTransport">
      <Parameter Name="Costs">S0|C84|D0</Parameter>
      <Parameter Name="SingleUserMode">1</Parameter>
      <Parameter Name="TaskPath">ObjectTransport</Parameter>
    </Task>
  </Tasks>
  <Modules>
    <Module Id="CCC" Name="Customer configured content" Version="8.2.0.216" />
    <Module Id="QBM" Name="Configuration Module" Version="8.2.0.216" />
    <Module Id="QER" Name="Identity Management Base Module" Version="8.2.0.208" />
    <Module Id="AAD" Name="Azure Active Directory Module" Version="8.2.0.208" />
  </Modules>
</DBTransporter>