﻿<!DOCTYPE ObjectContainer>
<Container>
   <BaseObject><Key>
  <Table Name="DialogTag" Display="AzReportUpdates" Key="CCC-F9E7B758BBABC64DBB1194410510E332">
    <Prop Name="UID_DialogTag">
      <Value>CCC-F9E7B758BBABC64DBB1194410510E332</Value>
    </Prop>
  </Table>
</Key></BaseObject>
   <DeleteResiduals>true</DeleteResiduals>
   <Relations>
      <Relation Table="DialogTaggedItem" Column="UID_DialogTag" Direction="Both" />
      <Relation Table="QBMTaggedChange" Column="UID_DialogTag" Direction="Both" />
   </Relations>
   <DbObjects>
      <DbObject Display="AzReportUpdates" Version="2">
         <Key>
            <Table Name="DialogTag" Display="AzReportUpdates" Key="CCC-F9E7B758BBABC64DBB1194410510E332">
               <Prop Name="UID_DialogTag">
                  <Value>CCC-F9E7B758BBABC64DBB1194410510E332</Value>
               </Prop>
            </Table>
         </Key>
         <Columns>
            <Column Name="Ident_DialogTag" Display="AzReportUpdates">
               <Value>AzReportUpdates</Value>
            </Column>
            <Column Name="IsClosed" Display="False">
               <Value>False</Value>
            </Column>
            <Column Name="TagType" Display="Change">
               <Value>CHANGE</Value>
            </Column>
            <Column Name="UID_DialogTag" Display="CCC-F9E7B758BBABC64DBB1194410510E332">
               <Value>CCC-F9E7B758BBABC64DBB1194410510E332</Value>
            </Column>
            <Column Name="UID_DialogTagParent">
               <Value />
            </Column>
            <Column Name="XMarkedForDeletion">
               <Value>0</Value>
            </Column>
         </Columns>
      </DbObject>
      <DbObject Display="CCC-F9E7B758BBABC64DBB1194410510E332 - &lt;Key&gt;&lt;T&gt;DialogParameterSet&lt;/T&gt;&lt;P&gt;CCC-1D1B1E80C35A5646883513F98B374EAA&lt;/P&gt;&lt;/Key&gt;" Version="2">
         <Key>
            <Table Name="DialogTaggedItem" Display="CCC-F9E7B758BBABC64DBB1194410510E332 - &lt;Key&gt;&lt;T&gt;DialogParameterSet&lt;/T&gt;&lt;P&gt;CCC-1D1B1E80C35A5646883513F98B374EAA&lt;/P&gt;&lt;/Key&gt;" Key="CCC-549B57E26FD2AA47AF8D543AD04B9BC4">
               <Prop Name="UID_DialogTaggedItem">
                  <Value>CCC-549B57E26FD2AA47AF8D543AD04B9BC4</Value>
               </Prop>
            </Table>
         </Key>
         <Columns>
            <Column Name="AlternateKey" Display="&lt;Key&gt;&lt;Table Name=&quot;DialogParameterSet&quot; Display=&quot;CIEM-Azure_Infrastruture Overview By Security Principal&quot; Key=&quot;CCC-1D1B1E80C35A5646883513F98B374EAA&quot;&gt;&lt;Prop Name=&quot;UID_DialogParameterSet&quot;&gt;&lt;Value&gt;CCC-1D1B1E80C35A5646883513F98B374EAA&lt;/Value&gt;&lt;/Prop&gt;&lt;/Table&gt;&lt;/Key&gt;">
               <Value>&lt;Key&gt;&lt;Table Name="DialogParameterSet" Display="CIEM-Azure_Infrastruture Overview By Security Principal" Key="CCC-1D1B1E80C35A5646883513F98B374EAA"&gt;&lt;Prop Name="UID_DialogParameterSet"&gt;&lt;Value&gt;CCC-1D1B1E80C35A5646883513F98B374EAA&lt;/Value&gt;&lt;/Prop&gt;&lt;/Table&gt;&lt;/Key&gt;</Value>
            </Column>
            <Column Name="IsContainerItem" Display="False">
               <Value>False</Value>
            </Column>
            <Column Name="IsDelete" Display="False">
               <Value>False</Value>
            </Column>
            <Column Name="ObjectKey" Display="&lt;Key&gt;&lt;T&gt;DialogParameterSet&lt;/T&gt;&lt;P&gt;CCC-1D1B1E80C35A5646883513F98B374EAA&lt;/P&gt;&lt;/Key&gt;">
               <Value>&lt;Key&gt;&lt;T&gt;DialogParameterSet&lt;/T&gt;&lt;P&gt;CCC-1D1B1E80C35A5646883513F98B374EAA&lt;/P&gt;&lt;/Key&gt;</Value>
            </Column>
            <Column Name="UID_DialogTag" Display="CCC-F9E7B758BBABC64DBB1194410510E332">
               <Key>
                  <Table Name="DialogTag" Display="AzReportUpdates" Key="CCC-F9E7B758BBABC64DBB1194410510E332">
                     <Prop Name="UID_DialogTag">
                        <Value>CCC-F9E7B758BBABC64DBB1194410510E332</Value>
                     </Prop>
                  </Table>
               </Key>
            </Column>
            <Column Name="UID_DialogTaggedItem" Display="CCC-549B57E26FD2AA47AF8D543AD04B9BC4">
               <Value>CCC-549B57E26FD2AA47AF8D543AD04B9BC4</Value>
            </Column>
            <Column Name="XDateInserted" Display="09/01/2022 18:08:40">
               <Value>2022-01-09T18:08:40.3870000Z</Value>
            </Column>
            <Column Name="XDateUpdated" Display="09/01/2022 18:08:40">
               <Value>2022-01-09T18:08:40.3870000Z</Value>
            </Column>
            <Column Name="XTouched">
               <Value />
            </Column>
            <Column Name="XUserInserted" Display="viadmin">
               <Value>viadmin</Value>
            </Column>
            <Column Name="XUserUpdated" Display="viadmin">
               <Value>viadmin</Value>
            </Column>
         </Columns>
      </DbObject>
      <DbObject Display="CCC-F9E7B758BBABC64DBB1194410510E332 - &lt;Key&gt;&lt;T&gt;DialogParameterSet&lt;/T&gt;&lt;P&gt;CCC-354978FFF84FDE41870326A03D8C06E2&lt;/P&gt;&lt;/Key&gt;" Version="2">
         <Key>
            <Table Name="DialogTaggedItem" Display="CCC-F9E7B758BBABC64DBB1194410510E332 - &lt;Key&gt;&lt;T&gt;DialogParameterSet&lt;/T&gt;&lt;P&gt;CCC-354978FFF84FDE41870326A03D8C06E2&lt;/P&gt;&lt;/Key&gt;" Key="CCC-D953ED882722024DABD1544EA3113410">
               <Prop Name="UID_DialogTaggedItem">
                  <Value>CCC-D953ED882722024DABD1544EA3113410</Value>
               </Prop>
            </Table>
         </Key>
         <Columns>
            <Column Name="AlternateKey" Display="&lt;Key&gt;&lt;Table Name=&quot;DialogParameterSet&quot; Display=&quot;CCC_CIEM-Azure_Infrastruture Overview By Resource&quot; Key=&quot;CCC-354978FFF84FDE41870326A03D8C06E2&quot;&gt;&lt;Prop Name=&quot;UID_DialogParameterSet&quot;&gt;&lt;Value&gt;CCC-354978FFF84FDE41870326A03D8C06E2&lt;/Value&gt;&lt;/Prop&gt;&lt;/Table&gt;&lt;/Key&gt;">
               <Value>&lt;Key&gt;&lt;Table Name="DialogParameterSet" Display="CCC_CIEM-Azure_Infrastruture Overview By Resource" Key="CCC-354978FFF84FDE41870326A03D8C06E2"&gt;&lt;Prop Name="UID_DialogParameterSet"&gt;&lt;Value&gt;CCC-354978FFF84FDE41870326A03D8C06E2&lt;/Value&gt;&lt;/Prop&gt;&lt;/Table&gt;&lt;/Key&gt;</Value>
            </Column>
            <Column Name="IsContainerItem" Display="False">
               <Value>False</Value>
            </Column>
            <Column Name="IsDelete" Display="False">
               <Value>False</Value>
            </Column>
            <Column Name="ObjectKey" Display="&lt;Key&gt;&lt;T&gt;DialogParameterSet&lt;/T&gt;&lt;P&gt;CCC-354978FFF84FDE41870326A03D8C06E2&lt;/P&gt;&lt;/Key&gt;">
               <Value>&lt;Key&gt;&lt;T&gt;DialogParameterSet&lt;/T&gt;&lt;P&gt;CCC-354978FFF84FDE41870326A03D8C06E2&lt;/P&gt;&lt;/Key&gt;</Value>
            </Column>
            <Column Name="UID_DialogTag" Display="CCC-F9E7B758BBABC64DBB1194410510E332">
               <Key>
                  <Table Name="DialogTag" Display="AzReportUpdates" Key="CCC-F9E7B758BBABC64DBB1194410510E332">
                     <Prop Name="UID_DialogTag">
                        <Value>CCC-F9E7B758BBABC64DBB1194410510E332</Value>
                     </Prop>
                  </Table>
               </Key>
            </Column>
            <Column Name="UID_DialogTaggedItem" Display="CCC-D953ED882722024DABD1544EA3113410">
               <Value>CCC-D953ED882722024DABD1544EA3113410</Value>
            </Column>
            <Column Name="XDateInserted" Display="09/01/2022 16:36:21">
               <Value>2022-01-09T16:36:21.4900000Z</Value>
            </Column>
            <Column Name="XDateUpdated" Display="09/01/2022 16:36:21">
               <Value>2022-01-09T16:36:21.4900000Z</Value>
            </Column>
            <Column Name="XTouched">
               <Value />
            </Column>
            <Column Name="XUserInserted" Display="viadmin">
               <Value>viadmin</Value>
            </Column>
            <Column Name="XUserUpdated" Display="viadmin">
               <Value>viadmin</Value>
            </Column>
         </Columns>
      </DbObject>
      <DbObject Display="CCC-F9E7B758BBABC64DBB1194410510E332 - &lt;Key&gt;&lt;T&gt;DialogParameterSet&lt;/T&gt;&lt;P&gt;CCC-BEEF7958A0539548AF3254528F4C72E5&lt;/P&gt;&lt;/Key&gt;" Version="2">
         <Key>
            <Table Name="DialogTaggedItem" Display="CCC-F9E7B758BBABC64DBB1194410510E332 - &lt;Key&gt;&lt;T&gt;DialogParameterSet&lt;/T&gt;&lt;P&gt;CCC-BEEF7958A0539548AF3254528F4C72E5&lt;/P&gt;&lt;/Key&gt;" Key="CCC-40F04C7A3EBA6348A0E4F8F1881E24E7">
               <Prop Name="UID_DialogTaggedItem">
                  <Value>CCC-40F04C7A3EBA6348A0E4F8F1881E24E7</Value>
               </Prop>
            </Table>
         </Key>
         <Columns>
            <Column Name="AlternateKey" Display="&lt;Key&gt;&lt;Table Name=&quot;DialogParameterSet&quot; Display=&quot;CIEM-Az-Overview-By-AAD-SvcPincipal-Single&quot; Key=&quot;CCC-BEEF7958A0539548AF3254528F4C72E5&quot;&gt;&lt;Prop Name=&quot;UID_DialogParameterSet&quot;&gt;&lt;Value&gt;CCC-BEEF7958A0539548AF3254528F4C72E5&lt;/Value&gt;&lt;/Prop&gt;&lt;/Table&gt;&lt;/Key&gt;">
               <Value>&lt;Key&gt;&lt;Table Name="DialogParameterSet" Display="CIEM-Az-Overview-By-AAD-SvcPincipal-Single" Key="CCC-BEEF7958A0539548AF3254528F4C72E5"&gt;&lt;Prop Name="UID_DialogParameterSet"&gt;&lt;Value&gt;CCC-BEEF7958A0539548AF3254528F4C72E5&lt;/Value&gt;&lt;/Prop&gt;&lt;/Table&gt;&lt;/Key&gt;</Value>
            </Column>
            <Column Name="IsContainerItem" Display="False">
               <Value>False</Value>
            </Column>
            <Column Name="IsDelete" Display="False">
               <Value>False</Value>
            </Column>
            <Column Name="ObjectKey" Display="&lt;Key&gt;&lt;T&gt;DialogParameterSet&lt;/T&gt;&lt;P&gt;CCC-BEEF7958A0539548AF3254528F4C72E5&lt;/P&gt;&lt;/Key&gt;">
               <Value>&lt;Key&gt;&lt;T&gt;DialogParameterSet&lt;/T&gt;&lt;P&gt;CCC-BEEF7958A0539548AF3254528F4C72E5&lt;/P&gt;&lt;/Key&gt;</Value>
            </Column>
            <Column Name="UID_DialogTag" Display="CCC-F9E7B758BBABC64DBB1194410510E332">
               <Key>
                  <Table Name="DialogTag" Display="AzReportUpdates" Key="CCC-F9E7B758BBABC64DBB1194410510E332">
                     <Prop Name="UID_DialogTag">
                        <Value>CCC-F9E7B758BBABC64DBB1194410510E332</Value>
                     </Prop>
                  </Table>
               </Key>
            </Column>
            <Column Name="UID_DialogTaggedItem" Display="CCC-40F04C7A3EBA6348A0E4F8F1881E24E7">
               <Value>CCC-40F04C7A3EBA6348A0E4F8F1881E24E7</Value>
            </Column>
            <Column Name="XDateInserted" Display="09/01/2022 17:24:42">
               <Value>2022-01-09T17:24:42.2400000Z</Value>
            </Column>
            <Column Name="XDateUpdated" Display="09/01/2022 17:24:42">
               <Value>2022-01-09T17:24:42.2400000Z</Value>
            </Column>
            <Column Name="XTouched">
               <Value />
            </Column>
            <Column Name="XUserInserted" Display="viadmin">
               <Value>viadmin</Value>
            </Column>
            <Column Name="XUserUpdated" Display="viadmin">
               <Value>viadmin</Value>
            </Column>
         </Columns>
      </DbObject>
      <DbObject Display="CCC-F9E7B758BBABC64DBB1194410510E332 - &lt;Key&gt;&lt;T&gt;DialogParameterSet&lt;/T&gt;&lt;P&gt;CCC-D6015BB5F382484F9EC1E3FEC38E728E&lt;/P&gt;&lt;/Key&gt;" Version="2">
         <Key>
            <Table Name="DialogTaggedItem" Display="CCC-F9E7B758BBABC64DBB1194410510E332 - &lt;Key&gt;&lt;T&gt;DialogParameterSet&lt;/T&gt;&lt;P&gt;CCC-D6015BB5F382484F9EC1E3FEC38E728E&lt;/P&gt;&lt;/Key&gt;" Key="CCC-C407047553D04D479860B3C5A1E34E69">
               <Prop Name="UID_DialogTaggedItem">
                  <Value>CCC-C407047553D04D479860B3C5A1E34E69</Value>
               </Prop>
            </Table>
         </Key>
         <Columns>
            <Column Name="AlternateKey" Display="&lt;Key&gt;&lt;Table Name=&quot;DialogParameterSet&quot; Display=&quot;CCC_CIEM-Azure_Infrastruture Overview&quot; Key=&quot;CCC-D6015BB5F382484F9EC1E3FEC38E728E&quot;&gt;&lt;Prop Name=&quot;UID_DialogParameterSet&quot;&gt;&lt;Value&gt;CCC-D6015BB5F382484F9EC1E3FEC38E728E&lt;/Value&gt;&lt;/Prop&gt;&lt;/Table&gt;&lt;/Key&gt;">
               <Value>&lt;Key&gt;&lt;Table Name="DialogParameterSet" Display="CCC_CIEM-Azure_Infrastruture Overview" Key="CCC-D6015BB5F382484F9EC1E3FEC38E728E"&gt;&lt;Prop Name="UID_DialogParameterSet"&gt;&lt;Value&gt;CCC-D6015BB5F382484F9EC1E3FEC38E728E&lt;/Value&gt;&lt;/Prop&gt;&lt;/Table&gt;&lt;/Key&gt;</Value>
            </Column>
            <Column Name="IsContainerItem" Display="False">
               <Value>False</Value>
            </Column>
            <Column Name="IsDelete" Display="False">
               <Value>False</Value>
            </Column>
            <Column Name="ObjectKey" Display="&lt;Key&gt;&lt;T&gt;DialogParameterSet&lt;/T&gt;&lt;P&gt;CCC-D6015BB5F382484F9EC1E3FEC38E728E&lt;/P&gt;&lt;/Key&gt;">
               <Value>&lt;Key&gt;&lt;T&gt;DialogParameterSet&lt;/T&gt;&lt;P&gt;CCC-D6015BB5F382484F9EC1E3FEC38E728E&lt;/P&gt;&lt;/Key&gt;</Value>
            </Column>
            <Column Name="UID_DialogTag" Display="CCC-F9E7B758BBABC64DBB1194410510E332">
               <Key>
                  <Table Name="DialogTag" Display="AzReportUpdates" Key="CCC-F9E7B758BBABC64DBB1194410510E332">
                     <Prop Name="UID_DialogTag">
                        <Value>CCC-F9E7B758BBABC64DBB1194410510E332</Value>
                     </Prop>
                  </Table>
               </Key>
            </Column>
            <Column Name="UID_DialogTaggedItem" Display="CCC-C407047553D04D479860B3C5A1E34E69">
               <Value>CCC-C407047553D04D479860B3C5A1E34E69</Value>
            </Column>
            <Column Name="XDateInserted" Display="09/01/2022 11:55:31">
               <Value>2022-01-09T11:55:31.5430000Z</Value>
            </Column>
            <Column Name="XDateUpdated" Display="09/01/2022 11:55:31">
               <Value>2022-01-09T11:55:31.5430000Z</Value>
            </Column>
            <Column Name="XTouched">
               <Value />
            </Column>
            <Column Name="XUserInserted" Display="viadmin">
               <Value>viadmin</Value>
            </Column>
            <Column Name="XUserUpdated" Display="viadmin">
               <Value>viadmin</Value>
            </Column>
         </Columns>
      </DbObject>
      <DbObject Display="CCC-F9E7B758BBABC64DBB1194410510E332 - &lt;Key&gt;&lt;T&gt;DialogParameterSet&lt;/T&gt;&lt;P&gt;CCC-D7D36C9E67611C4CBC020BE9E4CC5631&lt;/P&gt;&lt;/Key&gt;" Version="2">
         <Key>
            <Table Name="DialogTaggedItem" Display="CCC-F9E7B758BBABC64DBB1194410510E332 - &lt;Key&gt;&lt;T&gt;DialogParameterSet&lt;/T&gt;&lt;P&gt;CCC-D7D36C9E67611C4CBC020BE9E4CC5631&lt;/P&gt;&lt;/Key&gt;" Key="CCC-94D36A56FB863F4CB7AA01B608296ABF">
               <Prop Name="UID_DialogTaggedItem">
                  <Value>CCC-94D36A56FB863F4CB7AA01B608296ABF</Value>
               </Prop>
            </Table>
         </Key>
         <Columns>
            <Column Name="AlternateKey" Display="&lt;Key&gt;&lt;Table Name=&quot;DialogParameterSet&quot; Display=&quot;CCC_CIEM-Azure_Infrastruture Overview By Single Resource&quot; Key=&quot;CCC-D7D36C9E67611C4CBC020BE9E4CC5631&quot;&gt;&lt;Prop Name=&quot;UID_DialogParameterSet&quot;&gt;&lt;Value&gt;CCC-D7D36C9E67611C4CBC020BE9E4CC5631&lt;/Value&gt;&lt;/Prop&gt;&lt;/Table&gt;&lt;/Key&gt;">
               <Value>&lt;Key&gt;&lt;Table Name="DialogParameterSet" Display="CCC_CIEM-Azure_Infrastruture Overview By Single Resource" Key="CCC-D7D36C9E67611C4CBC020BE9E4CC5631"&gt;&lt;Prop Name="UID_DialogParameterSet"&gt;&lt;Value&gt;CCC-D7D36C9E67611C4CBC020BE9E4CC5631&lt;/Value&gt;&lt;/Prop&gt;&lt;/Table&gt;&lt;/Key&gt;</Value>
            </Column>
            <Column Name="IsContainerItem" Display="False">
               <Value>False</Value>
            </Column>
            <Column Name="IsDelete" Display="False">
               <Value>False</Value>
            </Column>
            <Column Name="ObjectKey" Display="&lt;Key&gt;&lt;T&gt;DialogParameterSet&lt;/T&gt;&lt;P&gt;CCC-D7D36C9E67611C4CBC020BE9E4CC5631&lt;/P&gt;&lt;/Key&gt;">
               <Value>&lt;Key&gt;&lt;T&gt;DialogParameterSet&lt;/T&gt;&lt;P&gt;CCC-D7D36C9E67611C4CBC020BE9E4CC5631&lt;/P&gt;&lt;/Key&gt;</Value>
            </Column>
            <Column Name="UID_DialogTag" Display="CCC-F9E7B758BBABC64DBB1194410510E332">
               <Key>
                  <Table Name="DialogTag" Display="AzReportUpdates" Key="CCC-F9E7B758BBABC64DBB1194410510E332">
                     <Prop Name="UID_DialogTag">
                        <Value>CCC-F9E7B758BBABC64DBB1194410510E332</Value>
                     </Prop>
                  </Table>
               </Key>
            </Column>
            <Column Name="UID_DialogTaggedItem" Display="CCC-94D36A56FB863F4CB7AA01B608296ABF">
               <Value>CCC-94D36A56FB863F4CB7AA01B608296ABF</Value>
            </Column>
            <Column Name="XDateInserted" Display="09/01/2022 16:50:23">
               <Value>2022-01-09T16:50:23.8000000Z</Value>
            </Column>
            <Column Name="XDateUpdated" Display="09/01/2022 16:50:23">
               <Value>2022-01-09T16:50:23.8000000Z</Value>
            </Column>
            <Column Name="XTouched">
               <Value />
            </Column>
            <Column Name="XUserInserted" Display="viadmin">
               <Value>viadmin</Value>
            </Column>
            <Column Name="XUserUpdated" Display="viadmin">
               <Value>viadmin</Value>
            </Column>
         </Columns>
      </DbObject>
      <DbObject Display="CCC-F9E7B758BBABC64DBB1194410510E332 - &lt;Key&gt;&lt;T&gt;DialogParameterSet&lt;/T&gt;&lt;P&gt;CCC-F1A576B4A142DA4B9807DF8915AE7D15&lt;/P&gt;&lt;/Key&gt;" Version="2">
         <Key>
            <Table Name="DialogTaggedItem" Display="CCC-F9E7B758BBABC64DBB1194410510E332 - &lt;Key&gt;&lt;T&gt;DialogParameterSet&lt;/T&gt;&lt;P&gt;CCC-F1A576B4A142DA4B9807DF8915AE7D15&lt;/P&gt;&lt;/Key&gt;" Key="CCC-3AA2CC343CA72340AC0EC38C98754C6E">
               <Prop Name="UID_DialogTaggedItem">
                  <Value>CCC-3AA2CC343CA72340AC0EC38C98754C6E</Value>
               </Prop>
            </Table>
         </Key>
         <Columns>
            <Column Name="AlternateKey" Display="&lt;Key&gt;&lt;Table Name=&quot;DialogParameterSet&quot; Display=&quot;CIEM-Az-Overview-By-AAD-Account-Single&quot; Key=&quot;CCC-F1A576B4A142DA4B9807DF8915AE7D15&quot;&gt;&lt;Prop Name=&quot;UID_DialogParameterSet&quot;&gt;&lt;Value&gt;CCC-F1A576B4A142DA4B9807DF8915AE7D15&lt;/Value&gt;&lt;/Prop&gt;&lt;/Table&gt;&lt;/Key&gt;">
               <Value>&lt;Key&gt;&lt;Table Name="DialogParameterSet" Display="CIEM-Az-Overview-By-AAD-Account-Single" Key="CCC-F1A576B4A142DA4B9807DF8915AE7D15"&gt;&lt;Prop Name="UID_DialogParameterSet"&gt;&lt;Value&gt;CCC-F1A576B4A142DA4B9807DF8915AE7D15&lt;/Value&gt;&lt;/Prop&gt;&lt;/Table&gt;&lt;/Key&gt;</Value>
            </Column>
            <Column Name="IsContainerItem" Display="False">
               <Value>False</Value>
            </Column>
            <Column Name="IsDelete" Display="False">
               <Value>False</Value>
            </Column>
            <Column Name="ObjectKey" Display="&lt;Key&gt;&lt;T&gt;DialogParameterSet&lt;/T&gt;&lt;P&gt;CCC-F1A576B4A142DA4B9807DF8915AE7D15&lt;/P&gt;&lt;/Key&gt;">
               <Value>&lt;Key&gt;&lt;T&gt;DialogParameterSet&lt;/T&gt;&lt;P&gt;CCC-F1A576B4A142DA4B9807DF8915AE7D15&lt;/P&gt;&lt;/Key&gt;</Value>
            </Column>
            <Column Name="UID_DialogTag" Display="CCC-F9E7B758BBABC64DBB1194410510E332">
               <Key>
                  <Table Name="DialogTag" Display="AzReportUpdates" Key="CCC-F9E7B758BBABC64DBB1194410510E332">
                     <Prop Name="UID_DialogTag">
                        <Value>CCC-F9E7B758BBABC64DBB1194410510E332</Value>
                     </Prop>
                  </Table>
               </Key>
            </Column>
            <Column Name="UID_DialogTaggedItem" Display="CCC-3AA2CC343CA72340AC0EC38C98754C6E">
               <Value>CCC-3AA2CC343CA72340AC0EC38C98754C6E</Value>
            </Column>
            <Column Name="XDateInserted" Display="09/01/2022 17:12:55">
               <Value>2022-01-09T17:12:55.8400000Z</Value>
            </Column>
            <Column Name="XDateUpdated" Display="09/01/2022 17:12:55">
               <Value>2022-01-09T17:12:55.8400000Z</Value>
            </Column>
            <Column Name="XTouched">
               <Value />
            </Column>
            <Column Name="XUserInserted" Display="viadmin">
               <Value>viadmin</Value>
            </Column>
            <Column Name="XUserUpdated" Display="viadmin">
               <Value>viadmin</Value>
            </Column>
         </Columns>
      </DbObject>
      <DbObject Display="CCC-F9E7B758BBABC64DBB1194410510E332 - &lt;Key&gt;&lt;T&gt;DialogReport&lt;/T&gt;&lt;P&gt;CCC-42D2CF6532E91C4184B03C5DBAEA0A83&lt;/P&gt;&lt;/Key&gt;" Version="2">
         <Key>
            <Table Name="DialogTaggedItem" Display="CCC-F9E7B758BBABC64DBB1194410510E332 - &lt;Key&gt;&lt;T&gt;DialogReport&lt;/T&gt;&lt;P&gt;CCC-42D2CF6532E91C4184B03C5DBAEA0A83&lt;/P&gt;&lt;/Key&gt;" Key="CCC-666BC539224684409574D1C79D6491CF">
               <Prop Name="UID_DialogTaggedItem">
                  <Value>CCC-666BC539224684409574D1C79D6491CF</Value>
               </Prop>
            </Table>
         </Key>
         <Columns>
            <Column Name="AlternateKey" Display="&lt;Key&gt;&lt;Table Name=&quot;DialogReport&quot; Display=&quot;CCC_CIEM-Azure_Infrastruture Overview By Single Resource&quot; Key=&quot;CCC-42D2CF6532E91C4184B03C5DBAEA0A83&quot;&gt;&lt;Prop Name=&quot;UID_DialogReport&quot;&gt;&lt;Value&gt;CCC-42D2CF6532E91C4184B03C5DBAEA0A83&lt;/Value&gt;&lt;/Prop&gt;&lt;/Table&gt;&lt;/Key&gt;">
               <Value>&lt;Key&gt;&lt;Table Name="DialogReport" Display="CCC_CIEM-Azure_Infrastruture Overview By Single Resource" Key="CCC-42D2CF6532E91C4184B03C5DBAEA0A83"&gt;&lt;Prop Name="UID_DialogReport"&gt;&lt;Value&gt;CCC-42D2CF6532E91C4184B03C5DBAEA0A83&lt;/Value&gt;&lt;/Prop&gt;&lt;/Table&gt;&lt;/Key&gt;</Value>
            </Column>
            <Column Name="IsContainerItem" Display="False">
               <Value>False</Value>
            </Column>
            <Column Name="IsDelete" Display="False">
               <Value>False</Value>
            </Column>
            <Column Name="ObjectKey" Display="&lt;Key&gt;&lt;T&gt;DialogReport&lt;/T&gt;&lt;P&gt;CCC-42D2CF6532E91C4184B03C5DBAEA0A83&lt;/P&gt;&lt;/Key&gt;">
               <Value>&lt;Key&gt;&lt;T&gt;DialogReport&lt;/T&gt;&lt;P&gt;CCC-42D2CF6532E91C4184B03C5DBAEA0A83&lt;/P&gt;&lt;/Key&gt;</Value>
            </Column>
            <Column Name="UID_DialogTag" Display="CCC-F9E7B758BBABC64DBB1194410510E332">
               <Key>
                  <Table Name="DialogTag" Display="AzReportUpdates" Key="CCC-F9E7B758BBABC64DBB1194410510E332">
                     <Prop Name="UID_DialogTag">
                        <Value>CCC-F9E7B758BBABC64DBB1194410510E332</Value>
                     </Prop>
                  </Table>
               </Key>
            </Column>
            <Column Name="UID_DialogTaggedItem" Display="CCC-666BC539224684409574D1C79D6491CF">
               <Value>CCC-666BC539224684409574D1C79D6491CF</Value>
            </Column>
            <Column Name="XDateInserted" Display="09/01/2022 16:50:23">
               <Value>2022-01-09T16:50:23.5000000Z</Value>
            </Column>
            <Column Name="XDateUpdated" Display="09/01/2022 16:50:23">
               <Value>2022-01-09T16:50:23.5000000Z</Value>
            </Column>
            <Column Name="XTouched">
               <Value />
            </Column>
            <Column Name="XUserInserted" Display="viadmin">
               <Value>viadmin</Value>
            </Column>
            <Column Name="XUserUpdated" Display="viadmin">
               <Value>viadmin</Value>
            </Column>
         </Columns>
      </DbObject>
      <DbObject Display="CCC-F9E7B758BBABC64DBB1194410510E332 - &lt;Key&gt;&lt;T&gt;DialogReport&lt;/T&gt;&lt;P&gt;CCC-9061847730C5844791C656BC210DBA0A&lt;/P&gt;&lt;/Key&gt;" Version="2">
         <Key>
            <Table Name="DialogTaggedItem" Display="CCC-F9E7B758BBABC64DBB1194410510E332 - &lt;Key&gt;&lt;T&gt;DialogReport&lt;/T&gt;&lt;P&gt;CCC-9061847730C5844791C656BC210DBA0A&lt;/P&gt;&lt;/Key&gt;" Key="CCC-57A6A8B380294F49A48881D217497E1D">
               <Prop Name="UID_DialogTaggedItem">
                  <Value>CCC-57A6A8B380294F49A48881D217497E1D</Value>
               </Prop>
            </Table>
         </Key>
         <Columns>
            <Column Name="AlternateKey" Display="&lt;Key&gt;&lt;Table Name=&quot;DialogReport&quot; Display=&quot;CIEM-Az-Overview-By-AAD-Account-Single&quot; Key=&quot;CCC-9061847730C5844791C656BC210DBA0A&quot;&gt;&lt;Prop Name=&quot;UID_DialogReport&quot;&gt;&lt;Value&gt;CCC-9061847730C5844791C656BC210DBA0A&lt;/Value&gt;&lt;/Prop&gt;&lt;/Table&gt;&lt;/Key&gt;">
               <Value>&lt;Key&gt;&lt;Table Name="DialogReport" Display="CIEM-Az-Overview-By-AAD-Account-Single" Key="CCC-9061847730C5844791C656BC210DBA0A"&gt;&lt;Prop Name="UID_DialogReport"&gt;&lt;Value&gt;CCC-9061847730C5844791C656BC210DBA0A&lt;/Value&gt;&lt;/Prop&gt;&lt;/Table&gt;&lt;/Key&gt;</Value>
            </Column>
            <Column Name="IsContainerItem" Display="False">
               <Value>False</Value>
            </Column>
            <Column Name="IsDelete" Display="False">
               <Value>False</Value>
            </Column>
            <Column Name="ObjectKey" Display="&lt;Key&gt;&lt;T&gt;DialogReport&lt;/T&gt;&lt;P&gt;CCC-9061847730C5844791C656BC210DBA0A&lt;/P&gt;&lt;/Key&gt;">
               <Value>&lt;Key&gt;&lt;T&gt;DialogReport&lt;/T&gt;&lt;P&gt;CCC-9061847730C5844791C656BC210DBA0A&lt;/P&gt;&lt;/Key&gt;</Value>
            </Column>
            <Column Name="UID_DialogTag" Display="CCC-F9E7B758BBABC64DBB1194410510E332">
               <Key>
                  <Table Name="DialogTag" Display="AzReportUpdates" Key="CCC-F9E7B758BBABC64DBB1194410510E332">
                     <Prop Name="UID_DialogTag">
                        <Value>CCC-F9E7B758BBABC64DBB1194410510E332</Value>
                     </Prop>
                  </Table>
               </Key>
            </Column>
            <Column Name="UID_DialogTaggedItem" Display="CCC-57A6A8B380294F49A48881D217497E1D">
               <Value>CCC-57A6A8B380294F49A48881D217497E1D</Value>
            </Column>
            <Column Name="XDateInserted" Display="09/01/2022 17:12:55">
               <Value>2022-01-09T17:12:55.5530000Z</Value>
            </Column>
            <Column Name="XDateUpdated" Display="09/01/2022 17:12:55">
               <Value>2022-01-09T17:12:55.5530000Z</Value>
            </Column>
            <Column Name="XTouched">
               <Value />
            </Column>
            <Column Name="XUserInserted" Display="viadmin">
               <Value>viadmin</Value>
            </Column>
            <Column Name="XUserUpdated" Display="viadmin">
               <Value>viadmin</Value>
            </Column>
         </Columns>
      </DbObject>
      <DbObject Display="CCC-F9E7B758BBABC64DBB1194410510E332 - &lt;Key&gt;&lt;T&gt;DialogReport&lt;/T&gt;&lt;P&gt;CCC-92A0792353434D4A8B113C7748DE8651&lt;/P&gt;&lt;/Key&gt;" Version="2">
         <Key>
            <Table Name="DialogTaggedItem" Display="CCC-F9E7B758BBABC64DBB1194410510E332 - &lt;Key&gt;&lt;T&gt;DialogReport&lt;/T&gt;&lt;P&gt;CCC-92A0792353434D4A8B113C7748DE8651&lt;/P&gt;&lt;/Key&gt;" Key="CCC-BFA79C8CFFD508469251582B957EA113">
               <Prop Name="UID_DialogTaggedItem">
                  <Value>CCC-BFA79C8CFFD508469251582B957EA113</Value>
               </Prop>
            </Table>
         </Key>
         <Columns>
            <Column Name="AlternateKey" Display="&lt;Key&gt;&lt;Table Name=&quot;DialogReport&quot; Display=&quot;CIEM-Az-Overview-By-AAD-SvcPincipal-Single&quot; Key=&quot;CCC-92A0792353434D4A8B113C7748DE8651&quot;&gt;&lt;Prop Name=&quot;UID_DialogReport&quot;&gt;&lt;Value&gt;CCC-92A0792353434D4A8B113C7748DE8651&lt;/Value&gt;&lt;/Prop&gt;&lt;/Table&gt;&lt;/Key&gt;">
               <Value>&lt;Key&gt;&lt;Table Name="DialogReport" Display="CIEM-Az-Overview-By-AAD-SvcPincipal-Single" Key="CCC-92A0792353434D4A8B113C7748DE8651"&gt;&lt;Prop Name="UID_DialogReport"&gt;&lt;Value&gt;CCC-92A0792353434D4A8B113C7748DE8651&lt;/Value&gt;&lt;/Prop&gt;&lt;/Table&gt;&lt;/Key&gt;</Value>
            </Column>
            <Column Name="IsContainerItem" Display="False">
               <Value>False</Value>
            </Column>
            <Column Name="IsDelete" Display="False">
               <Value>False</Value>
            </Column>
            <Column Name="ObjectKey" Display="&lt;Key&gt;&lt;T&gt;DialogReport&lt;/T&gt;&lt;P&gt;CCC-92A0792353434D4A8B113C7748DE8651&lt;/P&gt;&lt;/Key&gt;">
               <Value>&lt;Key&gt;&lt;T&gt;DialogReport&lt;/T&gt;&lt;P&gt;CCC-92A0792353434D4A8B113C7748DE8651&lt;/P&gt;&lt;/Key&gt;</Value>
            </Column>
            <Column Name="UID_DialogTag" Display="CCC-F9E7B758BBABC64DBB1194410510E332">
               <Key>
                  <Table Name="DialogTag" Display="AzReportUpdates" Key="CCC-F9E7B758BBABC64DBB1194410510E332">
                     <Prop Name="UID_DialogTag">
                        <Value>CCC-F9E7B758BBABC64DBB1194410510E332</Value>
                     </Prop>
                  </Table>
               </Key>
            </Column>
            <Column Name="UID_DialogTaggedItem" Display="CCC-BFA79C8CFFD508469251582B957EA113">
               <Value>CCC-BFA79C8CFFD508469251582B957EA113</Value>
            </Column>
            <Column Name="XDateInserted" Display="09/01/2022 17:24:41">
               <Value>2022-01-09T17:24:41.9600000Z</Value>
            </Column>
            <Column Name="XDateUpdated" Display="09/01/2022 17:24:41">
               <Value>2022-01-09T17:24:41.9600000Z</Value>
            </Column>
            <Column Name="XTouched">
               <Value />
            </Column>
            <Column Name="XUserInserted" Display="viadmin">
               <Value>viadmin</Value>
            </Column>
            <Column Name="XUserUpdated" Display="viadmin">
               <Value>viadmin</Value>
            </Column>
         </Columns>
      </DbObject>
      <DbObject Display="CCC-F9E7B758BBABC64DBB1194410510E332 - &lt;Key&gt;&lt;T&gt;DialogReport&lt;/T&gt;&lt;P&gt;CCC-A45CAAE1B3019D469A26185F1D13D8EC&lt;/P&gt;&lt;/Key&gt;" Version="2">
         <Key>
            <Table Name="DialogTaggedItem" Display="CCC-F9E7B758BBABC64DBB1194410510E332 - &lt;Key&gt;&lt;T&gt;DialogReport&lt;/T&gt;&lt;P&gt;CCC-A45CAAE1B3019D469A26185F1D13D8EC&lt;/P&gt;&lt;/Key&gt;" Key="CCC-8B3FEDE07617454DA8E52C480B866FAB">
               <Prop Name="UID_DialogTaggedItem">
                  <Value>CCC-8B3FEDE07617454DA8E52C480B866FAB</Value>
               </Prop>
            </Table>
         </Key>
         <Columns>
            <Column Name="AlternateKey" Display="&lt;Key&gt;&lt;Table Name=&quot;DialogReport&quot; Display=&quot;CCC_CIEM-Azure_Infrastruture Overview By Resource&quot; Key=&quot;CCC-A45CAAE1B3019D469A26185F1D13D8EC&quot;&gt;&lt;Prop Name=&quot;UID_DialogReport&quot;&gt;&lt;Value&gt;CCC-A45CAAE1B3019D469A26185F1D13D8EC&lt;/Value&gt;&lt;/Prop&gt;&lt;/Table&gt;&lt;/Key&gt;">
               <Value>&lt;Key&gt;&lt;Table Name="DialogReport" Display="CCC_CIEM-Azure_Infrastruture Overview By Resource" Key="CCC-A45CAAE1B3019D469A26185F1D13D8EC"&gt;&lt;Prop Name="UID_DialogReport"&gt;&lt;Value&gt;CCC-A45CAAE1B3019D469A26185F1D13D8EC&lt;/Value&gt;&lt;/Prop&gt;&lt;/Table&gt;&lt;/Key&gt;</Value>
            </Column>
            <Column Name="IsContainerItem" Display="False">
               <Value>False</Value>
            </Column>
            <Column Name="IsDelete" Display="False">
               <Value>False</Value>
            </Column>
            <Column Name="ObjectKey" Display="&lt;Key&gt;&lt;T&gt;DialogReport&lt;/T&gt;&lt;P&gt;CCC-A45CAAE1B3019D469A26185F1D13D8EC&lt;/P&gt;&lt;/Key&gt;">
               <Value>&lt;Key&gt;&lt;T&gt;DialogReport&lt;/T&gt;&lt;P&gt;CCC-A45CAAE1B3019D469A26185F1D13D8EC&lt;/P&gt;&lt;/Key&gt;</Value>
            </Column>
            <Column Name="UID_DialogTag" Display="CCC-F9E7B758BBABC64DBB1194410510E332">
               <Key>
                  <Table Name="DialogTag" Display="AzReportUpdates" Key="CCC-F9E7B758BBABC64DBB1194410510E332">
                     <Prop Name="UID_DialogTag">
                        <Value>CCC-F9E7B758BBABC64DBB1194410510E332</Value>
                     </Prop>
                  </Table>
               </Key>
            </Column>
            <Column Name="UID_DialogTaggedItem" Display="CCC-8B3FEDE07617454DA8E52C480B866FAB">
               <Value>CCC-8B3FEDE07617454DA8E52C480B866FAB</Value>
            </Column>
            <Column Name="XDateInserted" Display="09/01/2022 16:36:21">
               <Value>2022-01-09T16:36:21.1700000Z</Value>
            </Column>
            <Column Name="XDateUpdated" Display="09/01/2022 16:36:21">
               <Value>2022-01-09T16:36:21.1700000Z</Value>
            </Column>
            <Column Name="XTouched">
               <Value />
            </Column>
            <Column Name="XUserInserted" Display="viadmin">
               <Value>viadmin</Value>
            </Column>
            <Column Name="XUserUpdated" Display="viadmin">
               <Value>viadmin</Value>
            </Column>
         </Columns>
      </DbObject>
      <DbObject Display="CCC-F9E7B758BBABC64DBB1194410510E332 - &lt;Key&gt;&lt;T&gt;DialogReport&lt;/T&gt;&lt;P&gt;CCC-E0C1E08176987F4FB1097739F4E68CD0&lt;/P&gt;&lt;/Key&gt;" Version="2">
         <Key>
            <Table Name="DialogTaggedItem" Display="CCC-F9E7B758BBABC64DBB1194410510E332 - &lt;Key&gt;&lt;T&gt;DialogReport&lt;/T&gt;&lt;P&gt;CCC-E0C1E08176987F4FB1097739F4E68CD0&lt;/P&gt;&lt;/Key&gt;" Key="CCC-ECB00BA4A85BAE4186A9A920D8EBCA6D">
               <Prop Name="UID_DialogTaggedItem">
                  <Value>CCC-ECB00BA4A85BAE4186A9A920D8EBCA6D</Value>
               </Prop>
            </Table>
         </Key>
         <Columns>
            <Column Name="AlternateKey" Display="&lt;Key&gt;&lt;Table Name=&quot;DialogReport&quot; Display=&quot;CCC_CIEM-Azure_Infrastruture Overview&quot; Key=&quot;CCC-E0C1E08176987F4FB1097739F4E68CD0&quot;&gt;&lt;Prop Name=&quot;UID_DialogReport&quot;&gt;&lt;Value&gt;CCC-E0C1E08176987F4FB1097739F4E68CD0&lt;/Value&gt;&lt;/Prop&gt;&lt;/Table&gt;&lt;/Key&gt;">
               <Value>&lt;Key&gt;&lt;Table Name="DialogReport" Display="CCC_CIEM-Azure_Infrastruture Overview" Key="CCC-E0C1E08176987F4FB1097739F4E68CD0"&gt;&lt;Prop Name="UID_DialogReport"&gt;&lt;Value&gt;CCC-E0C1E08176987F4FB1097739F4E68CD0&lt;/Value&gt;&lt;/Prop&gt;&lt;/Table&gt;&lt;/Key&gt;</Value>
            </Column>
            <Column Name="IsContainerItem" Display="False">
               <Value>False</Value>
            </Column>
            <Column Name="IsDelete" Display="False">
               <Value>False</Value>
            </Column>
            <Column Name="ObjectKey" Display="&lt;Key&gt;&lt;T&gt;DialogReport&lt;/T&gt;&lt;P&gt;CCC-E0C1E08176987F4FB1097739F4E68CD0&lt;/P&gt;&lt;/Key&gt;">
               <Value>&lt;Key&gt;&lt;T&gt;DialogReport&lt;/T&gt;&lt;P&gt;CCC-E0C1E08176987F4FB1097739F4E68CD0&lt;/P&gt;&lt;/Key&gt;</Value>
            </Column>
            <Column Name="UID_DialogTag" Display="CCC-F9E7B758BBABC64DBB1194410510E332">
               <Key>
                  <Table Name="DialogTag" Display="AzReportUpdates" Key="CCC-F9E7B758BBABC64DBB1194410510E332">
                     <Prop Name="UID_DialogTag">
                        <Value>CCC-F9E7B758BBABC64DBB1194410510E332</Value>
                     </Prop>
                  </Table>
               </Key>
            </Column>
            <Column Name="UID_DialogTaggedItem" Display="CCC-ECB00BA4A85BAE4186A9A920D8EBCA6D">
               <Value>CCC-ECB00BA4A85BAE4186A9A920D8EBCA6D</Value>
            </Column>
            <Column Name="XDateInserted" Display="09/01/2022 11:55:30">
               <Value>2022-01-09T11:55:30.6800000Z</Value>
            </Column>
            <Column Name="XDateUpdated" Display="09/01/2022 11:55:30">
               <Value>2022-01-09T11:55:30.6800000Z</Value>
            </Column>
            <Column Name="XTouched">
               <Value />
            </Column>
            <Column Name="XUserInserted" Display="viadmin">
               <Value>viadmin</Value>
            </Column>
            <Column Name="XUserUpdated" Display="viadmin">
               <Value>viadmin</Value>
            </Column>
         </Columns>
      </DbObject>
      <DbObject Display="CCC-F9E7B758BBABC64DBB1194410510E332 - &lt;Key&gt;&lt;T&gt;DialogReport&lt;/T&gt;&lt;P&gt;CCC-E7BCB5DC0A05FA4F8AED813F9178D4C7&lt;/P&gt;&lt;/Key&gt;" Version="2">
         <Key>
            <Table Name="DialogTaggedItem" Display="CCC-F9E7B758BBABC64DBB1194410510E332 - &lt;Key&gt;&lt;T&gt;DialogReport&lt;/T&gt;&lt;P&gt;CCC-E7BCB5DC0A05FA4F8AED813F9178D4C7&lt;/P&gt;&lt;/Key&gt;" Key="CCC-EE37CB5993CBC84E9BA6A64EDAD6DC23">
               <Prop Name="UID_DialogTaggedItem">
                  <Value>CCC-EE37CB5993CBC84E9BA6A64EDAD6DC23</Value>
               </Prop>
            </Table>
         </Key>
         <Columns>
            <Column Name="AlternateKey" Display="&lt;Key&gt;&lt;Table Name=&quot;DialogReport&quot; Display=&quot;CIEM-Azure_Infrastruture Overview By Security Principal&quot; Key=&quot;CCC-E7BCB5DC0A05FA4F8AED813F9178D4C7&quot;&gt;&lt;Prop Name=&quot;UID_DialogReport&quot;&gt;&lt;Value&gt;CCC-E7BCB5DC0A05FA4F8AED813F9178D4C7&lt;/Value&gt;&lt;/Prop&gt;&lt;/Table&gt;&lt;/Key&gt;">
               <Value>&lt;Key&gt;&lt;Table Name="DialogReport" Display="CIEM-Azure_Infrastruture Overview By Security Principal" Key="CCC-E7BCB5DC0A05FA4F8AED813F9178D4C7"&gt;&lt;Prop Name="UID_DialogReport"&gt;&lt;Value&gt;CCC-E7BCB5DC0A05FA4F8AED813F9178D4C7&lt;/Value&gt;&lt;/Prop&gt;&lt;/Table&gt;&lt;/Key&gt;</Value>
            </Column>
            <Column Name="IsContainerItem" Display="False">
               <Value>False</Value>
            </Column>
            <Column Name="IsDelete" Display="False">
               <Value>False</Value>
            </Column>
            <Column Name="ObjectKey" Display="&lt;Key&gt;&lt;T&gt;DialogReport&lt;/T&gt;&lt;P&gt;CCC-E7BCB5DC0A05FA4F8AED813F9178D4C7&lt;/P&gt;&lt;/Key&gt;">
               <Value>&lt;Key&gt;&lt;T&gt;DialogReport&lt;/T&gt;&lt;P&gt;CCC-E7BCB5DC0A05FA4F8AED813F9178D4C7&lt;/P&gt;&lt;/Key&gt;</Value>
            </Column>
            <Column Name="UID_DialogTag" Display="CCC-F9E7B758BBABC64DBB1194410510E332">
               <Key>
                  <Table Name="DialogTag" Display="AzReportUpdates" Key="CCC-F9E7B758BBABC64DBB1194410510E332">
                     <Prop Name="UID_DialogTag">
                        <Value>CCC-F9E7B758BBABC64DBB1194410510E332</Value>
                     </Prop>
                  </Table>
               </Key>
            </Column>
            <Column Name="UID_DialogTaggedItem" Display="CCC-EE37CB5993CBC84E9BA6A64EDAD6DC23">
               <Value>CCC-EE37CB5993CBC84E9BA6A64EDAD6DC23</Value>
            </Column>
            <Column Name="XDateInserted" Display="09/01/2022 18:08:40">
               <Value>2022-01-09T18:08:40.0830000Z</Value>
            </Column>
            <Column Name="XDateUpdated" Display="09/01/2022 18:08:40">
               <Value>2022-01-09T18:08:40.0830000Z</Value>
            </Column>
            <Column Name="XTouched">
               <Value />
            </Column>
            <Column Name="XUserInserted" Display="viadmin">
               <Value>viadmin</Value>
            </Column>
            <Column Name="XUserUpdated" Display="viadmin">
               <Value>viadmin</Value>
            </Column>
         </Columns>
      </DbObject>
   </DbObjects>
</Container>