﻿<!DOCTYPE ObjectContainer>
<Container>
   <BaseObject><Key>
  <Table Name="DialogTag" Display="Added AADOrganization reference for CCCAZResourceType" Key="CCC-55B204E6F4F5FF42BCA1A1C0BE4464A5">
    <Prop Name="UID_DialogTag">
      <Value>CCC-55B204E6F4F5FF42BCA1A1C0BE4464A5</Value>
    </Prop>
  </Table>
</Key></BaseObject>
   <DeleteResiduals>true</DeleteResiduals>
   <Relations>
      <Relation Table="DialogTaggedItem" Column="UID_DialogTag" Direction="Both" />
      <Relation Table="QBMTaggedChange" Column="UID_DialogTag" Direction="Both" />
   </Relations>
   <DbObjects>
      <DbObject Display="Added AADOrganization reference for CCCAZResourceType" Version="2">
         <Key>
            <Table Name="DialogTag" Display="Added AADOrganization reference for CCCAZResourceType" Key="CCC-55B204E6F4F5FF42BCA1A1C0BE4464A5">
               <Prop Name="UID_DialogTag">
                  <Value>CCC-55B204E6F4F5FF42BCA1A1C0BE4464A5</Value>
               </Prop>
            </Table>
         </Key>
         <Columns>
            <Column Name="Ident_DialogTag" Display="Added AADOrganization reference for CCCAZResourceType">
               <Value>Added AADOrganization reference for CCCAZResourceType</Value>
            </Column>
            <Column Name="IsClosed" Display="False">
               <Value>False</Value>
            </Column>
            <Column Name="TagType" Display="Change">
               <Value>CHANGE</Value>
            </Column>
            <Column Name="UID_DialogTag" Display="CCC-55B204E6F4F5FF42BCA1A1C0BE4464A5">
               <Value>CCC-55B204E6F4F5FF42BCA1A1C0BE4464A5</Value>
            </Column>
            <Column Name="UID_DialogTagParent">
               <Value />
            </Column>
            <Column Name="XMarkedForDeletion">
               <Value>0</Value>
            </Column>
         </Columns>
      </DbObject>
      <DbObject Display="CCC-55B204E6F4F5FF42BCA1A1C0BE4464A5 - &lt;Key&gt;&lt;T&gt;DialogColumn&lt;/T&gt;&lt;P&gt;CCC-70B9449F62C71B4D9F272A9EDA21A983&lt;/P&gt;&lt;/Key&gt;" Version="2">
         <Key>
            <Table Name="QBMTaggedChange" Display="CCC-55B204E6F4F5FF42BCA1A1C0BE4464A5 - &lt;Key&gt;&lt;T&gt;DialogColumn&lt;/T&gt;&lt;P&gt;CCC-70B9449F62C71B4D9F272A9EDA21A983&lt;/P&gt;&lt;/Key&gt;" Key="CCC-A9B6B20EB3574448AD50FB4482639562">
               <Prop Name="UID_QBMTaggedChange">
                  <Value>CCC-A9B6B20EB3574448AD50FB4482639562</Value>
               </Prop>
            </Table>
         </Key>
         <Columns>
            <Column Name="ChangeContent" Display="&lt;Diff&gt;&lt;Data State=&quot;None&quot; /&gt;&lt;Op Columnname=&quot;Caption&quot; Type=&quot;Value&quot; ValType=&quot;String&quot; AlreadyApplied=&quot;True&quot;&gt;&lt;OldValue /&gt;&lt;Value&gt;AAD Organization&lt;/Value&gt;&lt;/Op&gt;&lt;Op Columnname=&quot;ColumnName&quot; Type=&quot;Value&quot; ValType=&quot;String&quot; AlreadyApplied=&quot;True&quot;&gt;&lt;OldValue /&gt;&lt;Value&gt;CCC_UID_AADOrganization&lt;/Value&gt;&lt;/Op&gt;&lt;Op Columnname=&quot;DataType&quot; Type=&quot;Value&quot; ValType=&quot;Int&quot; AlreadyApplied=&quot;True&quot;&gt;&lt;OldValue&gt;0&lt;/OldValue&gt;&lt;Value&gt;6&lt;/Value&gt;&lt;/Op&gt;&lt;Op Columnname=&quot;IsCustomConfigurable&quot; Type=&quot;Value&quot; ValType=&quot;Bool&quot; AlreadyApplied=&quot;True&quot;&gt;&lt;OldValue&gt;False&lt;/OldValue&gt;&lt;Value&gt;True&lt;/Value&gt;&lt;/Op&gt;&lt;Op Columnname=&quot;IsForeignKey&quot; Type=&quot;Value&quot; ValType=&quot;Bool&quot; AlreadyApplied=&quot;True&quot;&gt;&lt;OldValue&gt;False&lt;/OldValue&gt;&lt;Value&gt;True&lt;/Value&gt;&lt;/Op&gt;&lt;Op Columnname=&quot;IsUID&quot; Type=&quot;Value&quot; ValType=&quot;Bool&quot; AlreadyApplied=&quot;True&quot;&gt;&lt;OldValue&gt;False&lt;/OldValue&gt;&lt;Value&gt;True&lt;/Value&gt;&lt;/Op&gt;&lt;Op Columnname=&quot;MinLen&quot; Type=&quot;Value&quot; ValType=&quot;Int&quot; AlreadyApplied=&quot;True&quot;&gt;&lt;OldValue&gt;0&lt;/OldValue&gt;&lt;Value&gt;1&lt;/Value&gt;&lt;/Op&gt;&lt;Op Columnname=&quot;SortOrder&quot; Type=&quot;Value&quot; ValType=&quot;Int&quot; AlreadyApplied=&quot;True&quot;&gt;&lt;OldValue&gt;0&lt;/OldValue&gt;&lt;Value&gt;1&lt;/Value&gt;&lt;/Op&gt;&lt;Op Columnname=&quot;UID_DialogColumn&quot; Type=&quot;Value&quot; ValType=&quot;String&quot; AlreadyApplied=&quot;True&quot;&gt;&lt;OldValue /&gt;&lt;Value&gt;CCC-70B9449F62C71B4D9F272A9EDA21A983&lt;/Value&gt;&lt;/Op&gt;&lt;Op Columnname=&quot;UID_DialogTable&quot; Type=&quot;Value&quot; ValType=&quot;String&quot; AlreadyApplied=&quot;True&quot;&gt;&lt;OldValue /&gt;&lt;Value&gt;CCC-T-CCCAzResourceType&lt;/Value&gt;&lt;/Op&gt;&lt;/Diff&gt;">
               <Value>&lt;Diff&gt;&lt;Data State="None" /&gt;&lt;Op Columnname="Caption" Type="Value" ValType="String" AlreadyApplied="True"&gt;&lt;OldValue /&gt;&lt;Value&gt;AAD Organization&lt;/Value&gt;&lt;/Op&gt;&lt;Op Columnname="ColumnName" Type="Value" ValType="String" AlreadyApplied="True"&gt;&lt;OldValue /&gt;&lt;Value&gt;CCC_UID_AADOrganization&lt;/Value&gt;&lt;/Op&gt;&lt;Op Columnname="DataType" Type="Value" ValType="Int" AlreadyApplied="True"&gt;&lt;OldValue&gt;0&lt;/OldValue&gt;&lt;Value&gt;6&lt;/Value&gt;&lt;/Op&gt;&lt;Op Columnname="IsCustomConfigurable" Type="Value" ValType="Bool" AlreadyApplied="True"&gt;&lt;OldValue&gt;False&lt;/OldValue&gt;&lt;Value&gt;True&lt;/Value&gt;&lt;/Op&gt;&lt;Op Columnname="IsForeignKey" Type="Value" ValType="Bool" AlreadyApplied="True"&gt;&lt;OldValue&gt;False&lt;/OldValue&gt;&lt;Value&gt;True&lt;/Value&gt;&lt;/Op&gt;&lt;Op Columnname="IsUID" Type="Value" ValType="Bool" AlreadyApplied="True"&gt;&lt;OldValue&gt;False&lt;/OldValue&gt;&lt;Value&gt;True&lt;/Value&gt;&lt;/Op&gt;&lt;Op Columnname="MinLen" Type="Value" ValType="Int" AlreadyApplied="True"&gt;&lt;OldValue&gt;0&lt;/OldValue&gt;&lt;Value&gt;1&lt;/Value&gt;&lt;/Op&gt;&lt;Op Columnname="SortOrder" Type="Value" ValType="Int" AlreadyApplied="True"&gt;&lt;OldValue&gt;0&lt;/OldValue&gt;&lt;Value&gt;1&lt;/Value&gt;&lt;/Op&gt;&lt;Op Columnname="UID_DialogColumn" Type="Value" ValType="String" AlreadyApplied="True"&gt;&lt;OldValue /&gt;&lt;Value&gt;CCC-70B9449F62C71B4D9F272A9EDA21A983&lt;/Value&gt;&lt;/Op&gt;&lt;Op Columnname="UID_DialogTable" Type="Value" ValType="String" AlreadyApplied="True"&gt;&lt;OldValue /&gt;&lt;Value&gt;CCC-T-CCCAzResourceType&lt;/Value&gt;&lt;/Op&gt;&lt;/Diff&gt;</Value>
            </Column>
            <Column Name="ObjectKey" Display="&lt;Key&gt;&lt;T&gt;DialogColumn&lt;/T&gt;&lt;P&gt;CCC-70B9449F62C71B4D9F272A9EDA21A983&lt;/P&gt;&lt;/Key&gt;">
               <Value>&lt;Key&gt;&lt;T&gt;DialogColumn&lt;/T&gt;&lt;P&gt;CCC-70B9449F62C71B4D9F272A9EDA21A983&lt;/P&gt;&lt;/Key&gt;</Value>
            </Column>
            <Column Name="SortOrder" Display="2617334264168448">
               <Value>2617334264168448</Value>
            </Column>
            <Column Name="UID_DialogTag" Display="CCC-55B204E6F4F5FF42BCA1A1C0BE4464A5">
               <Key>
                  <Table Name="DialogTag" Display="Added AADOrganization reference for CCCAZResourceType" Key="CCC-55B204E6F4F5FF42BCA1A1C0BE4464A5">
                     <Prop Name="UID_DialogTag">
                        <Value>CCC-55B204E6F4F5FF42BCA1A1C0BE4464A5</Value>
                     </Prop>
                  </Table>
               </Key>
            </Column>
            <Column Name="UID_QBMTaggedChange" Display="CCC-A9B6B20EB3574448AD50FB4482639562">
               <Value>CCC-A9B6B20EB3574448AD50FB4482639562</Value>
            </Column>
            <Column Name="XDateInserted" Display="1/11/2022 10:13:32 AM">
               <Value>2022-01-11T10:13:32.9100000Z</Value>
            </Column>
            <Column Name="XDateUpdated" Display="1/11/2022 10:13:32 AM">
               <Value>2022-01-11T10:13:32.9100000Z</Value>
            </Column>
            <Column Name="XMarkedForDeletion">
               <Value>0</Value>
            </Column>
            <Column Name="XObjectKey" Display="&lt;Key&gt;&lt;T&gt;QBMTaggedChange&lt;/T&gt;&lt;P&gt;CCC-A9B6B20EB3574448AD50FB4482639562&lt;/P&gt;&lt;/Key&gt;">
               <Value>&lt;Key&gt;&lt;T&gt;QBMTaggedChange&lt;/T&gt;&lt;P&gt;CCC-A9B6B20EB3574448AD50FB4482639562&lt;/P&gt;&lt;/Key&gt;</Value>
            </Column>
            <Column Name="XTouched">
               <Value />
            </Column>
            <Column Name="XUserInserted" Display="viadmin">
               <Value>viadmin</Value>
            </Column>
            <Column Name="XUserUpdated" Display="viadmin">
               <Value>viadmin</Value>
            </Column>
         </Columns>
      </DbObject>
      <DbObject Display="CCC-55B204E6F4F5FF42BCA1A1C0BE4464A5 - &lt;Key&gt;&lt;T&gt;DialogColumnGroupRight&lt;/T&gt;&lt;P&gt;CCC-70B9449F62C71B4D9F272A9EDA21A983&lt;/P&gt;&lt;P&gt;CCC-AzEditPermissions&lt;/P&gt;&lt;/Key&gt;" Version="2">
         <Key>
            <Table Name="QBMTaggedChange" Display="CCC-55B204E6F4F5FF42BCA1A1C0BE4464A5 - &lt;Key&gt;&lt;T&gt;DialogColumnGroupRight&lt;/T&gt;&lt;P&gt;CCC-70B9449F62C71B4D9F272A9EDA21A983&lt;/P&gt;&lt;P&gt;CCC-AzEditPermissions&lt;/P&gt;&lt;/Key&gt;" Key="CCC-1A733FED5DD5444485A2A9D5837A1DB5">
               <Prop Name="UID_QBMTaggedChange">
                  <Value>CCC-1A733FED5DD5444485A2A9D5837A1DB5</Value>
               </Prop>
            </Table>
         </Key>
         <Columns>
            <Column Name="ChangeContent" Display="&lt;Diff&gt;&lt;Data State=&quot;None&quot; /&gt;&lt;Op Columnname=&quot;CanEdit&quot; Type=&quot;Value&quot; ValType=&quot;Bool&quot; AlreadyApplied=&quot;True&quot;&gt;&lt;OldValue&gt;False&lt;/OldValue&gt;&lt;Value&gt;True&lt;/Value&gt;&lt;/Op&gt;&lt;Op Columnname=&quot;UID_DialogColumn&quot; Type=&quot;Value&quot; ValType=&quot;String&quot; AlreadyApplied=&quot;True&quot;&gt;&lt;OldValue /&gt;&lt;Value&gt;CCC-70B9449F62C71B4D9F272A9EDA21A983&lt;/Value&gt;&lt;/Op&gt;&lt;Op Columnname=&quot;UID_DialogGroup&quot; Type=&quot;Value&quot; ValType=&quot;String&quot; AlreadyApplied=&quot;True&quot;&gt;&lt;OldValue /&gt;&lt;Value&gt;CCC-AzEditPermissions&lt;/Value&gt;&lt;/Op&gt;&lt;/Diff&gt;">
               <Value>&lt;Diff&gt;&lt;Data State="None" /&gt;&lt;Op Columnname="CanEdit" Type="Value" ValType="Bool" AlreadyApplied="True"&gt;&lt;OldValue&gt;False&lt;/OldValue&gt;&lt;Value&gt;True&lt;/Value&gt;&lt;/Op&gt;&lt;Op Columnname="UID_DialogColumn" Type="Value" ValType="String" AlreadyApplied="True"&gt;&lt;OldValue /&gt;&lt;Value&gt;CCC-70B9449F62C71B4D9F272A9EDA21A983&lt;/Value&gt;&lt;/Op&gt;&lt;Op Columnname="UID_DialogGroup" Type="Value" ValType="String" AlreadyApplied="True"&gt;&lt;OldValue /&gt;&lt;Value&gt;CCC-AzEditPermissions&lt;/Value&gt;&lt;/Op&gt;&lt;/Diff&gt;</Value>
            </Column>
            <Column Name="ObjectKey" Display="&lt;Key&gt;&lt;T&gt;DialogColumnGroupRight&lt;/T&gt;&lt;P&gt;CCC-70B9449F62C71B4D9F272A9EDA21A983&lt;/P&gt;&lt;P&gt;CCC-AzEditPermissions&lt;/P&gt;&lt;/Key&gt;">
               <Value>&lt;Key&gt;&lt;T&gt;DialogColumnGroupRight&lt;/T&gt;&lt;P&gt;CCC-70B9449F62C71B4D9F272A9EDA21A983&lt;/P&gt;&lt;P&gt;CCC-AzEditPermissions&lt;/P&gt;&lt;/Key&gt;</Value>
            </Column>
            <Column Name="SortOrder" Display="2617334285729796">
               <Value>2617334285729796</Value>
            </Column>
            <Column Name="UID_DialogTag" Display="CCC-55B204E6F4F5FF42BCA1A1C0BE4464A5">
               <Key>
                  <Table Name="DialogTag" Display="Added AADOrganization reference for CCCAZResourceType" Key="CCC-55B204E6F4F5FF42BCA1A1C0BE4464A5">
                     <Prop Name="UID_DialogTag">
                        <Value>CCC-55B204E6F4F5FF42BCA1A1C0BE4464A5</Value>
                     </Prop>
                  </Table>
               </Key>
            </Column>
            <Column Name="UID_QBMTaggedChange" Display="CCC-1A733FED5DD5444485A2A9D5837A1DB5">
               <Value>CCC-1A733FED5DD5444485A2A9D5837A1DB5</Value>
            </Column>
            <Column Name="XDateInserted" Display="1/11/2022 10:13:32 AM">
               <Value>2022-01-11T10:13:32.9100000Z</Value>
            </Column>
            <Column Name="XDateUpdated" Display="1/11/2022 10:13:32 AM">
               <Value>2022-01-11T10:13:32.9100000Z</Value>
            </Column>
            <Column Name="XMarkedForDeletion">
               <Value>0</Value>
            </Column>
            <Column Name="XObjectKey" Display="&lt;Key&gt;&lt;T&gt;QBMTaggedChange&lt;/T&gt;&lt;P&gt;CCC-1A733FED5DD5444485A2A9D5837A1DB5&lt;/P&gt;&lt;/Key&gt;">
               <Value>&lt;Key&gt;&lt;T&gt;QBMTaggedChange&lt;/T&gt;&lt;P&gt;CCC-1A733FED5DD5444485A2A9D5837A1DB5&lt;/P&gt;&lt;/Key&gt;</Value>
            </Column>
            <Column Name="XTouched">
               <Value />
            </Column>
            <Column Name="XUserInserted" Display="viadmin">
               <Value>viadmin</Value>
            </Column>
            <Column Name="XUserUpdated" Display="viadmin">
               <Value>viadmin</Value>
            </Column>
         </Columns>
      </DbObject>
      <DbObject Display="CCC-55B204E6F4F5FF42BCA1A1C0BE4464A5 - &lt;Key&gt;&lt;T&gt;DialogColumnGroupRight&lt;/T&gt;&lt;P&gt;CCC-70B9449F62C71B4D9F272A9EDA21A983&lt;/P&gt;&lt;P&gt;CCC-AzEditRole&lt;/P&gt;&lt;/Key&gt;" Version="2">
         <Key>
            <Table Name="QBMTaggedChange" Display="CCC-55B204E6F4F5FF42BCA1A1C0BE4464A5 - &lt;Key&gt;&lt;T&gt;DialogColumnGroupRight&lt;/T&gt;&lt;P&gt;CCC-70B9449F62C71B4D9F272A9EDA21A983&lt;/P&gt;&lt;P&gt;CCC-AzEditRole&lt;/P&gt;&lt;/Key&gt;" Key="CCC-14437FF11F5DCF4C96286E2869CFEB64">
               <Prop Name="UID_QBMTaggedChange">
                  <Value>CCC-14437FF11F5DCF4C96286E2869CFEB64</Value>
               </Prop>
            </Table>
         </Key>
         <Columns>
            <Column Name="ChangeContent" Display="&lt;Diff&gt;&lt;Data State=&quot;None&quot; /&gt;&lt;Op Columnname=&quot;CanEdit&quot; Type=&quot;Value&quot; ValType=&quot;Bool&quot; AlreadyApplied=&quot;True&quot;&gt;&lt;OldValue&gt;False&lt;/OldValue&gt;&lt;Value&gt;True&lt;/Value&gt;&lt;/Op&gt;&lt;Op Columnname=&quot;UID_DialogColumn&quot; Type=&quot;Value&quot; ValType=&quot;String&quot; AlreadyApplied=&quot;True&quot;&gt;&lt;OldValue /&gt;&lt;Value&gt;CCC-70B9449F62C71B4D9F272A9EDA21A983&lt;/Value&gt;&lt;/Op&gt;&lt;Op Columnname=&quot;UID_DialogGroup&quot; Type=&quot;Value&quot; ValType=&quot;String&quot; AlreadyApplied=&quot;True&quot;&gt;&lt;OldValue /&gt;&lt;Value&gt;CCC-AzEditRole&lt;/Value&gt;&lt;/Op&gt;&lt;/Diff&gt;">
               <Value>&lt;Diff&gt;&lt;Data State="None" /&gt;&lt;Op Columnname="CanEdit" Type="Value" ValType="Bool" AlreadyApplied="True"&gt;&lt;OldValue&gt;False&lt;/OldValue&gt;&lt;Value&gt;True&lt;/Value&gt;&lt;/Op&gt;&lt;Op Columnname="UID_DialogColumn" Type="Value" ValType="String" AlreadyApplied="True"&gt;&lt;OldValue /&gt;&lt;Value&gt;CCC-70B9449F62C71B4D9F272A9EDA21A983&lt;/Value&gt;&lt;/Op&gt;&lt;Op Columnname="UID_DialogGroup" Type="Value" ValType="String" AlreadyApplied="True"&gt;&lt;OldValue /&gt;&lt;Value&gt;CCC-AzEditRole&lt;/Value&gt;&lt;/Op&gt;&lt;/Diff&gt;</Value>
            </Column>
            <Column Name="ObjectKey" Display="&lt;Key&gt;&lt;T&gt;DialogColumnGroupRight&lt;/T&gt;&lt;P&gt;CCC-70B9449F62C71B4D9F272A9EDA21A983&lt;/P&gt;&lt;P&gt;CCC-AzEditRole&lt;/P&gt;&lt;/Key&gt;">
               <Value>&lt;Key&gt;&lt;T&gt;DialogColumnGroupRight&lt;/T&gt;&lt;P&gt;CCC-70B9449F62C71B4D9F272A9EDA21A983&lt;/P&gt;&lt;P&gt;CCC-AzEditRole&lt;/P&gt;&lt;/Key&gt;</Value>
            </Column>
            <Column Name="SortOrder" Display="2617334285926405">
               <Value>2617334285926405</Value>
            </Column>
            <Column Name="UID_DialogTag" Display="CCC-55B204E6F4F5FF42BCA1A1C0BE4464A5">
               <Key>
                  <Table Name="DialogTag" Display="Added AADOrganization reference for CCCAZResourceType" Key="CCC-55B204E6F4F5FF42BCA1A1C0BE4464A5">
                     <Prop Name="UID_DialogTag">
                        <Value>CCC-55B204E6F4F5FF42BCA1A1C0BE4464A5</Value>
                     </Prop>
                  </Table>
               </Key>
            </Column>
            <Column Name="UID_QBMTaggedChange" Display="CCC-14437FF11F5DCF4C96286E2869CFEB64">
               <Value>CCC-14437FF11F5DCF4C96286E2869CFEB64</Value>
            </Column>
            <Column Name="XDateInserted" Display="1/11/2022 10:13:32 AM">
               <Value>2022-01-11T10:13:32.9130000Z</Value>
            </Column>
            <Column Name="XDateUpdated" Display="1/11/2022 10:13:32 AM">
               <Value>2022-01-11T10:13:32.9130000Z</Value>
            </Column>
            <Column Name="XMarkedForDeletion">
               <Value>0</Value>
            </Column>
            <Column Name="XObjectKey" Display="&lt;Key&gt;&lt;T&gt;QBMTaggedChange&lt;/T&gt;&lt;P&gt;CCC-14437FF11F5DCF4C96286E2869CFEB64&lt;/P&gt;&lt;/Key&gt;">
               <Value>&lt;Key&gt;&lt;T&gt;QBMTaggedChange&lt;/T&gt;&lt;P&gt;CCC-14437FF11F5DCF4C96286E2869CFEB64&lt;/P&gt;&lt;/Key&gt;</Value>
            </Column>
            <Column Name="XTouched">
               <Value />
            </Column>
            <Column Name="XUserInserted" Display="viadmin">
               <Value>viadmin</Value>
            </Column>
            <Column Name="XUserUpdated" Display="viadmin">
               <Value>viadmin</Value>
            </Column>
         </Columns>
      </DbObject>
      <DbObject Display="CCC-55B204E6F4F5FF42BCA1A1C0BE4464A5 - &lt;Key&gt;&lt;T&gt;DialogColumnGroupRight&lt;/T&gt;&lt;P&gt;CCC-70B9449F62C71B4D9F272A9EDA21A983&lt;/P&gt;&lt;P&gt;CCC-AzViewPermissions&lt;/P&gt;&lt;/Key&gt;" Version="2">
         <Key>
            <Table Name="QBMTaggedChange" Display="CCC-55B204E6F4F5FF42BCA1A1C0BE4464A5 - &lt;Key&gt;&lt;T&gt;DialogColumnGroupRight&lt;/T&gt;&lt;P&gt;CCC-70B9449F62C71B4D9F272A9EDA21A983&lt;/P&gt;&lt;P&gt;CCC-AzViewPermissions&lt;/P&gt;&lt;/Key&gt;" Key="CCC-523BEEE208189C458C56B15B4D8F1FA8">
               <Prop Name="UID_QBMTaggedChange">
                  <Value>CCC-523BEEE208189C458C56B15B4D8F1FA8</Value>
               </Prop>
            </Table>
         </Key>
         <Columns>
            <Column Name="ChangeContent" Display="&lt;Diff&gt;&lt;Data State=&quot;None&quot; /&gt;&lt;Op Columnname=&quot;CanSee&quot; Type=&quot;Value&quot; ValType=&quot;Bool&quot; AlreadyApplied=&quot;True&quot;&gt;&lt;OldValue&gt;False&lt;/OldValue&gt;&lt;Value&gt;True&lt;/Value&gt;&lt;/Op&gt;&lt;Op Columnname=&quot;UID_DialogColumn&quot; Type=&quot;Value&quot; ValType=&quot;String&quot; AlreadyApplied=&quot;True&quot;&gt;&lt;OldValue /&gt;&lt;Value&gt;CCC-70B9449F62C71B4D9F272A9EDA21A983&lt;/Value&gt;&lt;/Op&gt;&lt;Op Columnname=&quot;UID_DialogGroup&quot; Type=&quot;Value&quot; ValType=&quot;String&quot; AlreadyApplied=&quot;True&quot;&gt;&lt;OldValue /&gt;&lt;Value&gt;CCC-AzViewPermissions&lt;/Value&gt;&lt;/Op&gt;&lt;/Diff&gt;">
               <Value>&lt;Diff&gt;&lt;Data State="None" /&gt;&lt;Op Columnname="CanSee" Type="Value" ValType="Bool" AlreadyApplied="True"&gt;&lt;OldValue&gt;False&lt;/OldValue&gt;&lt;Value&gt;True&lt;/Value&gt;&lt;/Op&gt;&lt;Op Columnname="UID_DialogColumn" Type="Value" ValType="String" AlreadyApplied="True"&gt;&lt;OldValue /&gt;&lt;Value&gt;CCC-70B9449F62C71B4D9F272A9EDA21A983&lt;/Value&gt;&lt;/Op&gt;&lt;Op Columnname="UID_DialogGroup" Type="Value" ValType="String" AlreadyApplied="True"&gt;&lt;OldValue /&gt;&lt;Value&gt;CCC-AzViewPermissions&lt;/Value&gt;&lt;/Op&gt;&lt;/Diff&gt;</Value>
            </Column>
            <Column Name="ObjectKey" Display="&lt;Key&gt;&lt;T&gt;DialogColumnGroupRight&lt;/T&gt;&lt;P&gt;CCC-70B9449F62C71B4D9F272A9EDA21A983&lt;/P&gt;&lt;P&gt;CCC-AzViewPermissions&lt;/P&gt;&lt;/Key&gt;">
               <Value>&lt;Key&gt;&lt;T&gt;DialogColumnGroupRight&lt;/T&gt;&lt;P&gt;CCC-70B9449F62C71B4D9F272A9EDA21A983&lt;/P&gt;&lt;P&gt;CCC-AzViewPermissions&lt;/P&gt;&lt;/Key&gt;</Value>
            </Column>
            <Column Name="SortOrder" Display="2617334285271042">
               <Value>2617334285271042</Value>
            </Column>
            <Column Name="UID_DialogTag" Display="CCC-55B204E6F4F5FF42BCA1A1C0BE4464A5">
               <Key>
                  <Table Name="DialogTag" Display="Added AADOrganization reference for CCCAZResourceType" Key="CCC-55B204E6F4F5FF42BCA1A1C0BE4464A5">
                     <Prop Name="UID_DialogTag">
                        <Value>CCC-55B204E6F4F5FF42BCA1A1C0BE4464A5</Value>
                     </Prop>
                  </Table>
               </Key>
            </Column>
            <Column Name="UID_QBMTaggedChange" Display="CCC-523BEEE208189C458C56B15B4D8F1FA8">
               <Value>CCC-523BEEE208189C458C56B15B4D8F1FA8</Value>
            </Column>
            <Column Name="XDateInserted" Display="1/11/2022 10:13:32 AM">
               <Value>2022-01-11T10:13:32.9130000Z</Value>
            </Column>
            <Column Name="XDateUpdated" Display="1/11/2022 10:13:32 AM">
               <Value>2022-01-11T10:13:32.9130000Z</Value>
            </Column>
            <Column Name="XMarkedForDeletion">
               <Value>0</Value>
            </Column>
            <Column Name="XObjectKey" Display="&lt;Key&gt;&lt;T&gt;QBMTaggedChange&lt;/T&gt;&lt;P&gt;CCC-523BEEE208189C458C56B15B4D8F1FA8&lt;/P&gt;&lt;/Key&gt;">
               <Value>&lt;Key&gt;&lt;T&gt;QBMTaggedChange&lt;/T&gt;&lt;P&gt;CCC-523BEEE208189C458C56B15B4D8F1FA8&lt;/P&gt;&lt;/Key&gt;</Value>
            </Column>
            <Column Name="XTouched">
               <Value />
            </Column>
            <Column Name="XUserInserted" Display="viadmin">
               <Value>viadmin</Value>
            </Column>
            <Column Name="XUserUpdated" Display="viadmin">
               <Value>viadmin</Value>
            </Column>
         </Columns>
      </DbObject>
      <DbObject Display="CCC-55B204E6F4F5FF42BCA1A1C0BE4464A5 - &lt;Key&gt;&lt;T&gt;DialogColumnGroupRight&lt;/T&gt;&lt;P&gt;CCC-70B9449F62C71B4D9F272A9EDA21A983&lt;/P&gt;&lt;P&gt;CCC-AzViewRole&lt;/P&gt;&lt;/Key&gt;" Version="2">
         <Key>
            <Table Name="QBMTaggedChange" Display="CCC-55B204E6F4F5FF42BCA1A1C0BE4464A5 - &lt;Key&gt;&lt;T&gt;DialogColumnGroupRight&lt;/T&gt;&lt;P&gt;CCC-70B9449F62C71B4D9F272A9EDA21A983&lt;/P&gt;&lt;P&gt;CCC-AzViewRole&lt;/P&gt;&lt;/Key&gt;" Key="CCC-58EB718C72F33F42B887AC7CE32EF86C">
               <Prop Name="UID_QBMTaggedChange">
                  <Value>CCC-58EB718C72F33F42B887AC7CE32EF86C</Value>
               </Prop>
            </Table>
         </Key>
         <Columns>
            <Column Name="ChangeContent" Display="&lt;Diff&gt;&lt;Data State=&quot;None&quot; /&gt;&lt;Op Columnname=&quot;CanSee&quot; Type=&quot;Value&quot; ValType=&quot;Bool&quot; AlreadyApplied=&quot;True&quot;&gt;&lt;OldValue&gt;False&lt;/OldValue&gt;&lt;Value&gt;True&lt;/Value&gt;&lt;/Op&gt;&lt;Op Columnname=&quot;UID_DialogColumn&quot; Type=&quot;Value&quot; ValType=&quot;String&quot; AlreadyApplied=&quot;True&quot;&gt;&lt;OldValue /&gt;&lt;Value&gt;CCC-70B9449F62C71B4D9F272A9EDA21A983&lt;/Value&gt;&lt;/Op&gt;&lt;Op Columnname=&quot;UID_DialogGroup&quot; Type=&quot;Value&quot; ValType=&quot;String&quot; AlreadyApplied=&quot;True&quot;&gt;&lt;OldValue /&gt;&lt;Value&gt;CCC-AzViewRole&lt;/Value&gt;&lt;/Op&gt;&lt;/Diff&gt;">
               <Value>&lt;Diff&gt;&lt;Data State="None" /&gt;&lt;Op Columnname="CanSee" Type="Value" ValType="Bool" AlreadyApplied="True"&gt;&lt;OldValue&gt;False&lt;/OldValue&gt;&lt;Value&gt;True&lt;/Value&gt;&lt;/Op&gt;&lt;Op Columnname="UID_DialogColumn" Type="Value" ValType="String" AlreadyApplied="True"&gt;&lt;OldValue /&gt;&lt;Value&gt;CCC-70B9449F62C71B4D9F272A9EDA21A983&lt;/Value&gt;&lt;/Op&gt;&lt;Op Columnname="UID_DialogGroup" Type="Value" ValType="String" AlreadyApplied="True"&gt;&lt;OldValue /&gt;&lt;Value&gt;CCC-AzViewRole&lt;/Value&gt;&lt;/Op&gt;&lt;/Diff&gt;</Value>
            </Column>
            <Column Name="ObjectKey" Display="&lt;Key&gt;&lt;T&gt;DialogColumnGroupRight&lt;/T&gt;&lt;P&gt;CCC-70B9449F62C71B4D9F272A9EDA21A983&lt;/P&gt;&lt;P&gt;CCC-AzViewRole&lt;/P&gt;&lt;/Key&gt;">
               <Value>&lt;Key&gt;&lt;T&gt;DialogColumnGroupRight&lt;/T&gt;&lt;P&gt;CCC-70B9449F62C71B4D9F272A9EDA21A983&lt;/P&gt;&lt;P&gt;CCC-AzViewRole&lt;/P&gt;&lt;/Key&gt;</Value>
            </Column>
            <Column Name="SortOrder" Display="2617334285729795">
               <Value>2617334285729795</Value>
            </Column>
            <Column Name="UID_DialogTag" Display="CCC-55B204E6F4F5FF42BCA1A1C0BE4464A5">
               <Key>
                  <Table Name="DialogTag" Display="Added AADOrganization reference for CCCAZResourceType" Key="CCC-55B204E6F4F5FF42BCA1A1C0BE4464A5">
                     <Prop Name="UID_DialogTag">
                        <Value>CCC-55B204E6F4F5FF42BCA1A1C0BE4464A5</Value>
                     </Prop>
                  </Table>
               </Key>
            </Column>
            <Column Name="UID_QBMTaggedChange" Display="CCC-58EB718C72F33F42B887AC7CE32EF86C">
               <Value>CCC-58EB718C72F33F42B887AC7CE32EF86C</Value>
            </Column>
            <Column Name="XDateInserted" Display="1/11/2022 10:13:32 AM">
               <Value>2022-01-11T10:13:32.9130000Z</Value>
            </Column>
            <Column Name="XDateUpdated" Display="1/11/2022 10:13:32 AM">
               <Value>2022-01-11T10:13:32.9130000Z</Value>
            </Column>
            <Column Name="XMarkedForDeletion">
               <Value>0</Value>
            </Column>
            <Column Name="XObjectKey" Display="&lt;Key&gt;&lt;T&gt;QBMTaggedChange&lt;/T&gt;&lt;P&gt;CCC-58EB718C72F33F42B887AC7CE32EF86C&lt;/P&gt;&lt;/Key&gt;">
               <Value>&lt;Key&gt;&lt;T&gt;QBMTaggedChange&lt;/T&gt;&lt;P&gt;CCC-58EB718C72F33F42B887AC7CE32EF86C&lt;/P&gt;&lt;/Key&gt;</Value>
            </Column>
            <Column Name="XTouched">
               <Value />
            </Column>
            <Column Name="XUserInserted" Display="viadmin">
               <Value>viadmin</Value>
            </Column>
            <Column Name="XUserUpdated" Display="viadmin">
               <Value>viadmin</Value>
            </Column>
         </Columns>
      </DbObject>
      <DbObject Display="CCC-55B204E6F4F5FF42BCA1A1C0BE4464A5 - &lt;Key&gt;&lt;T&gt;QBMCustomSQL&lt;/T&gt;&lt;P&gt;CCC-A8444F415D248DA478615C04E1C9E9D3&lt;/P&gt;&lt;/Key&gt;" Version="2">
         <Key>
            <Table Name="QBMTaggedChange" Display="CCC-55B204E6F4F5FF42BCA1A1C0BE4464A5 - &lt;Key&gt;&lt;T&gt;QBMCustomSQL&lt;/T&gt;&lt;P&gt;CCC-A8444F415D248DA478615C04E1C9E9D3&lt;/P&gt;&lt;/Key&gt;" Key="CCC-0BFEC2EB2006AB4CBDDA3765641AE445">
               <Prop Name="UID_QBMTaggedChange">
                  <Value>CCC-0BFEC2EB2006AB4CBDDA3765641AE445</Value>
               </Prop>
            </Table>
         </Key>
         <Columns>
            <Column Name="ChangeContent" Display="&lt;Diff&gt;&lt;Data /&gt;&lt;Op Columnname=&quot;Remarks&quot; Type=&quot;Value&quot; ValType=&quot;String&quot;&gt;&lt;Value /&gt;&lt;/Op&gt;&lt;Op Columnname=&quot;ScriptCode&quot; Type=&quot;Value&quot; ValType=&quot;String&quot;&gt;&lt;Value&gt; &#xD;&#xA; if not exists (select top 1 1 from Information_schema.tables where table_name = N'CCCAzResourceType')&#xD;&#xA;  begin&#xD;&#xA;	Create Table CCCAzResourceType(&#xD;&#xA;	  UID_CCCAzResourceType varchar(38) collate database_default NOT NULL&#xD;&#xA;	, XDateInserted datetime NULL&#xD;&#xA;	, XDateUpdated datetime NULL&#xD;&#xA;	, XUserInserted nvarchar(64) collate database_default NULL&#xD;&#xA;	, XUserUpdated nvarchar(64) collate database_default NULL&#xD;&#xA;	, XTouched nchar(1) collate database_default NULL&#xD;&#xA;	, XObjectKey varchar(138) collate database_default NOT NULL&#xD;&#xA;	, XMarkedForDeletion int default 0 NULL&#xD;&#xA;	, CCC_Ident_AzResourceType nvarchar(128) collate database_default NULL&#xD;&#xA;	, CCC_UID_AADOrganization varchar(38) collate database_default NULL&#xD;&#xA;	, primary key CLUSTERED (UID_CCCAzResourceType)&#xD;&#xA;	)&#xD;&#xA;	on &quot;PRIMARY&quot;&#xD;&#xA;  end&lt;/Value&gt;&lt;/Op&gt;&lt;Op Columnname=&quot;ScriptName&quot; Type=&quot;Value&quot; ValType=&quot;String&quot;&gt;&lt;Value&gt;CCCAzResourceType&lt;/Value&gt;&lt;/Op&gt;&lt;Op Columnname=&quot;ScriptType&quot; Type=&quot;Value&quot; ValType=&quot;String&quot;&gt;&lt;Value&gt;U&lt;/Value&gt;&lt;/Op&gt;&lt;Op Columnname=&quot;SortOrder&quot; Type=&quot;Value&quot; ValType=&quot;Int&quot;&gt;&lt;Value&gt;0&lt;/Value&gt;&lt;/Op&gt;&lt;Op Columnname=&quot;UID_QBMCustomSQL&quot; Type=&quot;Value&quot; ValType=&quot;String&quot;&gt;&lt;Value&gt;CCC-A8444F415D248DA478615C04E1C9E9D3&lt;/Value&gt;&lt;/Op&gt;&lt;/Diff&gt;">
               <Value>&lt;Diff&gt;&lt;Data /&gt;&lt;Op Columnname="Remarks" Type="Value" ValType="String"&gt;&lt;Value /&gt;&lt;/Op&gt;&lt;Op Columnname="ScriptCode" Type="Value" ValType="String"&gt;&lt;Value&gt; 
 if not exists (select top 1 1 from Information_schema.tables where table_name = N'CCCAzResourceType')
  begin
	Create Table CCCAzResourceType(
	  UID_CCCAzResourceType varchar(38) collate database_default NOT NULL
	, XDateInserted datetime NULL
	, XDateUpdated datetime NULL
	, XUserInserted nvarchar(64) collate database_default NULL
	, XUserUpdated nvarchar(64) collate database_default NULL
	, XTouched nchar(1) collate database_default NULL
	, XObjectKey varchar(138) collate database_default NOT NULL
	, XMarkedForDeletion int default 0 NULL
	, CCC_Ident_AzResourceType nvarchar(128) collate database_default NULL
	, CCC_UID_AADOrganization varchar(38) collate database_default NULL
	, primary key CLUSTERED (UID_CCCAzResourceType)
	)
	on "PRIMARY"
  end&lt;/Value&gt;&lt;/Op&gt;&lt;Op Columnname="ScriptName" Type="Value" ValType="String"&gt;&lt;Value&gt;CCCAzResourceType&lt;/Value&gt;&lt;/Op&gt;&lt;Op Columnname="ScriptType" Type="Value" ValType="String"&gt;&lt;Value&gt;U&lt;/Value&gt;&lt;/Op&gt;&lt;Op Columnname="SortOrder" Type="Value" ValType="Int"&gt;&lt;Value&gt;0&lt;/Value&gt;&lt;/Op&gt;&lt;Op Columnname="UID_QBMCustomSQL" Type="Value" ValType="String"&gt;&lt;Value&gt;CCC-A8444F415D248DA478615C04E1C9E9D3&lt;/Value&gt;&lt;/Op&gt;&lt;/Diff&gt;</Value>
            </Column>
            <Column Name="ObjectKey" Display="&lt;Key&gt;&lt;T&gt;QBMCustomSQL&lt;/T&gt;&lt;P&gt;CCC-A8444F415D248DA478615C04E1C9E9D3&lt;/P&gt;&lt;/Key&gt;">
               <Value>&lt;Key&gt;&lt;T&gt;QBMCustomSQL&lt;/T&gt;&lt;P&gt;CCC-A8444F415D248DA478615C04E1C9E9D3&lt;/P&gt;&lt;/Key&gt;</Value>
            </Column>
            <Column Name="SortOrder" Display="2617334336061446">
               <Value>2617334336061446</Value>
            </Column>
            <Column Name="UID_DialogTag" Display="CCC-55B204E6F4F5FF42BCA1A1C0BE4464A5">
               <Key>
                  <Table Name="DialogTag" Display="Added AADOrganization reference for CCCAZResourceType" Key="CCC-55B204E6F4F5FF42BCA1A1C0BE4464A5">
                     <Prop Name="UID_DialogTag">
                        <Value>CCC-55B204E6F4F5FF42BCA1A1C0BE4464A5</Value>
                     </Prop>
                  </Table>
               </Key>
            </Column>
            <Column Name="UID_QBMTaggedChange" Display="CCC-0BFEC2EB2006AB4CBDDA3765641AE445">
               <Value>CCC-0BFEC2EB2006AB4CBDDA3765641AE445</Value>
            </Column>
            <Column Name="XDateInserted" Display="1/11/2022 10:13:32 AM">
               <Value>2022-01-11T10:13:32.9170000Z</Value>
            </Column>
            <Column Name="XDateUpdated" Display="1/11/2022 10:13:32 AM">
               <Value>2022-01-11T10:13:32.9170000Z</Value>
            </Column>
            <Column Name="XMarkedForDeletion">
               <Value>0</Value>
            </Column>
            <Column Name="XObjectKey" Display="&lt;Key&gt;&lt;T&gt;QBMTaggedChange&lt;/T&gt;&lt;P&gt;CCC-0BFEC2EB2006AB4CBDDA3765641AE445&lt;/P&gt;&lt;/Key&gt;">
               <Value>&lt;Key&gt;&lt;T&gt;QBMTaggedChange&lt;/T&gt;&lt;P&gt;CCC-0BFEC2EB2006AB4CBDDA3765641AE445&lt;/P&gt;&lt;/Key&gt;</Value>
            </Column>
            <Column Name="XTouched">
               <Value />
            </Column>
            <Column Name="XUserInserted" Display="viadmin">
               <Value>viadmin</Value>
            </Column>
            <Column Name="XUserUpdated" Display="viadmin">
               <Value>viadmin</Value>
            </Column>
         </Columns>
      </DbObject>
      <DbObject Display="CCC-55B204E6F4F5FF42BCA1A1C0BE4464A5 - &lt;Key&gt;&lt;T&gt;QBMCustomSQL&lt;/T&gt;&lt;P&gt;CCC-FC3F4C1CD80B266C175F5ECE378BB71B&lt;/P&gt;&lt;/Key&gt;" Version="2">
         <Key>
            <Table Name="QBMTaggedChange" Display="CCC-55B204E6F4F5FF42BCA1A1C0BE4464A5 - &lt;Key&gt;&lt;T&gt;QBMCustomSQL&lt;/T&gt;&lt;P&gt;CCC-FC3F4C1CD80B266C175F5ECE378BB71B&lt;/P&gt;&lt;/Key&gt;" Key="CCC-0480DC7F2ED7ED4A97925F5FDBE0BB6D">
               <Prop Name="UID_QBMTaggedChange">
                  <Value>CCC-0480DC7F2ED7ED4A97925F5FDBE0BB6D</Value>
               </Prop>
            </Table>
         </Key>
         <Columns>
            <Column Name="ChangeContent" Display="&lt;Diff&gt;&lt;Data /&gt;&lt;Op Columnname=&quot;Remarks&quot; Type=&quot;Value&quot; ValType=&quot;String&quot;&gt;&lt;Value /&gt;&lt;/Op&gt;&lt;Op Columnname=&quot;ScriptCode&quot; Type=&quot;Value&quot; ValType=&quot;String&quot;&gt;&lt;Value&gt;exec QBM_PColumnAdd 'CCCAzResourceType', 'CCC_UID_AADOrganization', 'varchar(38) collate database_default NULL'&lt;/Value&gt;&lt;/Op&gt;&lt;Op Columnname=&quot;ScriptName&quot; Type=&quot;Value&quot; ValType=&quot;String&quot;&gt;&lt;Value&gt;CCCAzResourceType.CCC_UID_AADOrganization&lt;/Value&gt;&lt;/Op&gt;&lt;Op Columnname=&quot;ScriptType&quot; Type=&quot;Value&quot; ValType=&quot;String&quot;&gt;&lt;Value&gt;C&lt;/Value&gt;&lt;/Op&gt;&lt;Op Columnname=&quot;SortOrder&quot; Type=&quot;Value&quot; ValType=&quot;Int&quot;&gt;&lt;Value&gt;0&lt;/Value&gt;&lt;/Op&gt;&lt;Op Columnname=&quot;UID_QBMCustomSQL&quot; Type=&quot;Value&quot; ValType=&quot;String&quot;&gt;&lt;Value&gt;CCC-FC3F4C1CD80B266C175F5ECE378BB71B&lt;/Value&gt;&lt;/Op&gt;&lt;/Diff&gt;">
               <Value>&lt;Diff&gt;&lt;Data /&gt;&lt;Op Columnname="Remarks" Type="Value" ValType="String"&gt;&lt;Value /&gt;&lt;/Op&gt;&lt;Op Columnname="ScriptCode" Type="Value" ValType="String"&gt;&lt;Value&gt;exec QBM_PColumnAdd 'CCCAzResourceType', 'CCC_UID_AADOrganization', 'varchar(38) collate database_default NULL'&lt;/Value&gt;&lt;/Op&gt;&lt;Op Columnname="ScriptName" Type="Value" ValType="String"&gt;&lt;Value&gt;CCCAzResourceType.CCC_UID_AADOrganization&lt;/Value&gt;&lt;/Op&gt;&lt;Op Columnname="ScriptType" Type="Value" ValType="String"&gt;&lt;Value&gt;C&lt;/Value&gt;&lt;/Op&gt;&lt;Op Columnname="SortOrder" Type="Value" ValType="Int"&gt;&lt;Value&gt;0&lt;/Value&gt;&lt;/Op&gt;&lt;Op Columnname="UID_QBMCustomSQL" Type="Value" ValType="String"&gt;&lt;Value&gt;CCC-FC3F4C1CD80B266C175F5ECE378BB71B&lt;/Value&gt;&lt;/Op&gt;&lt;/Diff&gt;</Value>
            </Column>
            <Column Name="ObjectKey" Display="&lt;Key&gt;&lt;T&gt;QBMCustomSQL&lt;/T&gt;&lt;P&gt;CCC-FC3F4C1CD80B266C175F5ECE378BB71B&lt;/P&gt;&lt;/Key&gt;">
               <Value>&lt;Key&gt;&lt;T&gt;QBMCustomSQL&lt;/T&gt;&lt;P&gt;CCC-FC3F4C1CD80B266C175F5ECE378BB71B&lt;/P&gt;&lt;/Key&gt;</Value>
            </Column>
            <Column Name="SortOrder" Display="2617334336389127">
               <Value>2617334336389127</Value>
            </Column>
            <Column Name="UID_DialogTag" Display="CCC-55B204E6F4F5FF42BCA1A1C0BE4464A5">
               <Key>
                  <Table Name="DialogTag" Display="Added AADOrganization reference for CCCAZResourceType" Key="CCC-55B204E6F4F5FF42BCA1A1C0BE4464A5">
                     <Prop Name="UID_DialogTag">
                        <Value>CCC-55B204E6F4F5FF42BCA1A1C0BE4464A5</Value>
                     </Prop>
                  </Table>
               </Key>
            </Column>
            <Column Name="UID_QBMTaggedChange" Display="CCC-0480DC7F2ED7ED4A97925F5FDBE0BB6D">
               <Value>CCC-0480DC7F2ED7ED4A97925F5FDBE0BB6D</Value>
            </Column>
            <Column Name="XDateInserted" Display="1/11/2022 10:13:32 AM">
               <Value>2022-01-11T10:13:32.9170000Z</Value>
            </Column>
            <Column Name="XDateUpdated" Display="1/11/2022 10:13:32 AM">
               <Value>2022-01-11T10:13:32.9170000Z</Value>
            </Column>
            <Column Name="XMarkedForDeletion">
               <Value>0</Value>
            </Column>
            <Column Name="XObjectKey" Display="&lt;Key&gt;&lt;T&gt;QBMTaggedChange&lt;/T&gt;&lt;P&gt;CCC-0480DC7F2ED7ED4A97925F5FDBE0BB6D&lt;/P&gt;&lt;/Key&gt;">
               <Value>&lt;Key&gt;&lt;T&gt;QBMTaggedChange&lt;/T&gt;&lt;P&gt;CCC-0480DC7F2ED7ED4A97925F5FDBE0BB6D&lt;/P&gt;&lt;/Key&gt;</Value>
            </Column>
            <Column Name="XTouched">
               <Value />
            </Column>
            <Column Name="XUserInserted" Display="viadmin">
               <Value>viadmin</Value>
            </Column>
            <Column Name="XUserUpdated" Display="viadmin">
               <Value>viadmin</Value>
            </Column>
         </Columns>
      </DbObject>
      <DbObject Display="CCC-55B204E6F4F5FF42BCA1A1C0BE4464A5 - &lt;Key&gt;&lt;T&gt;QBMRelation&lt;/T&gt;&lt;P&gt;CCC-RL-1882901577-0001&lt;/P&gt;&lt;/Key&gt;" Version="2">
         <Key>
            <Table Name="QBMTaggedChange" Display="CCC-55B204E6F4F5FF42BCA1A1C0BE4464A5 - &lt;Key&gt;&lt;T&gt;QBMRelation&lt;/T&gt;&lt;P&gt;CCC-RL-1882901577-0001&lt;/P&gt;&lt;/Key&gt;" Key="CCC-DAE24773A1659D4CB942D43BB81152C6">
               <Prop Name="UID_QBMTaggedChange">
                  <Value>CCC-DAE24773A1659D4CB942D43BB81152C6</Value>
               </Prop>
            </Table>
         </Key>
         <Columns>
            <Column Name="ChangeContent" Display="&lt;Diff&gt;&lt;Data State=&quot;None&quot; /&gt;&lt;Op Columnname=&quot;ChildAllowUpdate&quot; Type=&quot;Value&quot; ValType=&quot;Bool&quot; AlreadyApplied=&quot;True&quot;&gt;&lt;OldValue&gt;False&lt;/OldValue&gt;&lt;Value&gt;True&lt;/Value&gt;&lt;/Op&gt;&lt;Op Columnname=&quot;ChildExecuteBy&quot; Type=&quot;Value&quot; ValType=&quot;String&quot; AlreadyApplied=&quot;True&quot;&gt;&lt;OldValue /&gt;&lt;Value&gt;D&lt;/Value&gt;&lt;/Op&gt;&lt;Op Columnname=&quot;ChildRestriction&quot; Type=&quot;Value&quot; ValType=&quot;String&quot; AlreadyApplied=&quot;True&quot;&gt;&lt;OldValue /&gt;&lt;Value&gt;IR&lt;/Value&gt;&lt;/Op&gt;&lt;Op Columnname=&quot;ParentAllowUpdate&quot; Type=&quot;Value&quot; ValType=&quot;Bool&quot; AlreadyApplied=&quot;True&quot;&gt;&lt;OldValue&gt;False&lt;/OldValue&gt;&lt;Value&gt;True&lt;/Value&gt;&lt;/Op&gt;&lt;Op Columnname=&quot;ParentExecuteBy&quot; Type=&quot;Value&quot; ValType=&quot;String&quot; AlreadyApplied=&quot;True&quot;&gt;&lt;OldValue /&gt;&lt;Value&gt;D&lt;/Value&gt;&lt;/Op&gt;&lt;Op Columnname=&quot;ParentRestriction&quot; Type=&quot;Value&quot; ValType=&quot;String&quot; AlreadyApplied=&quot;True&quot;&gt;&lt;OldValue /&gt;&lt;Value&gt;DS&lt;/Value&gt;&lt;/Op&gt;&lt;Op Columnname=&quot;RelationID&quot; Type=&quot;Value&quot; ValType=&quot;String&quot; AlreadyApplied=&quot;True&quot;&gt;&lt;OldValue /&gt;&lt;Value&gt;CCC-1882901577-0001&lt;/Value&gt;&lt;/Op&gt;&lt;Op Columnname=&quot;UID_ChildColumn&quot; Type=&quot;Value&quot; ValType=&quot;String&quot; AlreadyApplied=&quot;True&quot;&gt;&lt;OldValue /&gt;&lt;Value&gt;CCC-70B9449F62C71B4D9F272A9EDA21A983&lt;/Value&gt;&lt;/Op&gt;&lt;Op Columnname=&quot;UID_ParentColumn&quot; Type=&quot;Value&quot; ValType=&quot;String&quot; AlreadyApplied=&quot;True&quot;&gt;&lt;OldValue /&gt;&lt;Value&gt;AAD-F43395FA4DFF4107AAE64DE329769E89&lt;/Value&gt;&lt;/Op&gt;&lt;Op Columnname=&quot;UID_QBMRelation&quot; Type=&quot;Value&quot; ValType=&quot;String&quot; AlreadyApplied=&quot;True&quot;&gt;&lt;OldValue /&gt;&lt;Value&gt;CCC-RL-1882901577-0001&lt;/Value&gt;&lt;/Op&gt;&lt;/Diff&gt;">
               <Value>&lt;Diff&gt;&lt;Data State="None" /&gt;&lt;Op Columnname="ChildAllowUpdate" Type="Value" ValType="Bool" AlreadyApplied="True"&gt;&lt;OldValue&gt;False&lt;/OldValue&gt;&lt;Value&gt;True&lt;/Value&gt;&lt;/Op&gt;&lt;Op Columnname="ChildExecuteBy" Type="Value" ValType="String" AlreadyApplied="True"&gt;&lt;OldValue /&gt;&lt;Value&gt;D&lt;/Value&gt;&lt;/Op&gt;&lt;Op Columnname="ChildRestriction" Type="Value" ValType="String" AlreadyApplied="True"&gt;&lt;OldValue /&gt;&lt;Value&gt;IR&lt;/Value&gt;&lt;/Op&gt;&lt;Op Columnname="ParentAllowUpdate" Type="Value" ValType="Bool" AlreadyApplied="True"&gt;&lt;OldValue&gt;False&lt;/OldValue&gt;&lt;Value&gt;True&lt;/Value&gt;&lt;/Op&gt;&lt;Op Columnname="ParentExecuteBy" Type="Value" ValType="String" AlreadyApplied="True"&gt;&lt;OldValue /&gt;&lt;Value&gt;D&lt;/Value&gt;&lt;/Op&gt;&lt;Op Columnname="ParentRestriction" Type="Value" ValType="String" AlreadyApplied="True"&gt;&lt;OldValue /&gt;&lt;Value&gt;DS&lt;/Value&gt;&lt;/Op&gt;&lt;Op Columnname="RelationID" Type="Value" ValType="String" AlreadyApplied="True"&gt;&lt;OldValue /&gt;&lt;Value&gt;CCC-1882901577-0001&lt;/Value&gt;&lt;/Op&gt;&lt;Op Columnname="UID_ChildColumn" Type="Value" ValType="String" AlreadyApplied="True"&gt;&lt;OldValue /&gt;&lt;Value&gt;CCC-70B9449F62C71B4D9F272A9EDA21A983&lt;/Value&gt;&lt;/Op&gt;&lt;Op Columnname="UID_ParentColumn" Type="Value" ValType="String" AlreadyApplied="True"&gt;&lt;OldValue /&gt;&lt;Value&gt;AAD-F43395FA4DFF4107AAE64DE329769E89&lt;/Value&gt;&lt;/Op&gt;&lt;Op Columnname="UID_QBMRelation" Type="Value" ValType="String" AlreadyApplied="True"&gt;&lt;OldValue /&gt;&lt;Value&gt;CCC-RL-1882901577-0001&lt;/Value&gt;&lt;/Op&gt;&lt;/Diff&gt;</Value>
            </Column>
            <Column Name="ObjectKey" Display="&lt;Key&gt;&lt;T&gt;QBMRelation&lt;/T&gt;&lt;P&gt;CCC-RL-1882901577-0001&lt;/P&gt;&lt;/Key&gt;">
               <Value>&lt;Key&gt;&lt;T&gt;QBMRelation&lt;/T&gt;&lt;P&gt;CCC-RL-1882901577-0001&lt;/P&gt;&lt;/Key&gt;</Value>
            </Column>
            <Column Name="SortOrder" Display="2617334284484609">
               <Value>2617334284484609</Value>
            </Column>
            <Column Name="UID_DialogTag" Display="CCC-55B204E6F4F5FF42BCA1A1C0BE4464A5">
               <Key>
                  <Table Name="DialogTag" Display="Added AADOrganization reference for CCCAZResourceType" Key="CCC-55B204E6F4F5FF42BCA1A1C0BE4464A5">
                     <Prop Name="UID_DialogTag">
                        <Value>CCC-55B204E6F4F5FF42BCA1A1C0BE4464A5</Value>
                     </Prop>
                  </Table>
               </Key>
            </Column>
            <Column Name="UID_QBMTaggedChange" Display="CCC-DAE24773A1659D4CB942D43BB81152C6">
               <Value>CCC-DAE24773A1659D4CB942D43BB81152C6</Value>
            </Column>
            <Column Name="XDateInserted" Display="1/11/2022 10:13:32 AM">
               <Value>2022-01-11T10:13:32.9200000Z</Value>
            </Column>
            <Column Name="XDateUpdated" Display="1/11/2022 10:13:32 AM">
               <Value>2022-01-11T10:13:32.9200000Z</Value>
            </Column>
            <Column Name="XMarkedForDeletion">
               <Value>0</Value>
            </Column>
            <Column Name="XObjectKey" Display="&lt;Key&gt;&lt;T&gt;QBMTaggedChange&lt;/T&gt;&lt;P&gt;CCC-DAE24773A1659D4CB942D43BB81152C6&lt;/P&gt;&lt;/Key&gt;">
               <Value>&lt;Key&gt;&lt;T&gt;QBMTaggedChange&lt;/T&gt;&lt;P&gt;CCC-DAE24773A1659D4CB942D43BB81152C6&lt;/P&gt;&lt;/Key&gt;</Value>
            </Column>
            <Column Name="XTouched">
               <Value />
            </Column>
            <Column Name="XUserInserted" Display="viadmin">
               <Value>viadmin</Value>
            </Column>
            <Column Name="XUserUpdated" Display="viadmin">
               <Value>viadmin</Value>
            </Column>
         </Columns>
      </DbObject>
   </DbObjects>
</Container>