<DBTransporter Version="3.0">
  <Header>
    <Parameter Name="Display">PRDEV\OneIM82GA</Parameter>
    <Parameter Name="Edition">STE</Parameter>
    <Parameter Name="Version">8.2</Parameter>
    <Parameter Name="DBSystem">MSSQL</Parameter>
    <Parameter Name="DBServer">PRDev</Parameter>
    <Parameter Name="DBName">OneIM82GA</Parameter>
    <Parameter Name="UserDisplay">viadmin</Parameter>
    <Parameter Name="UserName">viadmin</Parameter>
    <Parameter Name="ExportDate">2022-01-11 10:41:54</Parameter>
    <Parameter Name="Description">CIEM Sync Project Template</Parameter>
    <Parameter Name="Parts">Data</Parameter>
    <Parameter Name="Modules">CCC,DPR</Parameter>
  </Header>
  <Tasks>
    <Task Class="VI.Transport.ObjectTransport, VI.Transport" Display="ObjectTransport">
      <Parameter Name="Costs">S0|C0|D1</Parameter>
      <Parameter Name="TaskPath">ObjectTransport</Parameter>
    </Task>
  </Tasks>
  <Modules>
    <Module Id="CCC" Name="Customer configured content" Version="8.2.0.307" />
    <Module Id="DPR" Name="Target System Synchronization Module" Version="8.2.0.306" />
  </Modules>
</DBTransporter>