<DBTransporter Version="3.0">
  <Header>
    <Parameter Name="Display">PRDEV\OneIM820CIEM</Parameter>
    <Parameter Name="Edition">STE</Parameter>
    <Parameter Name="Version">8.2</Parameter>
    <Parameter Name="DBSystem">MSSQL</Parameter>
    <Parameter Name="DBServer">PRDev</Parameter>
    <Parameter Name="DBName">OneIM820CIEM</Parameter>
    <Parameter Name="UserDisplay">viadmin</Parameter>
    <Parameter Name="UserName">viadmin</Parameter>
    <Parameter Name="ExportDate">2022-01-10 09:41:31</Parameter>
    <Parameter Name="Description">CIEM Initial UI Creation</Parameter>
    <Parameter Name="Parts">Common</Parameter>
    <Parameter Name="Modules">CCC,QBM</Parameter>
  </Header>
  <Tasks>
    <Task Class="VI.Transport.TagTransport, VI.Transport" Display="TagTransport">
      <Parameter Name="Costs">S0|C665|D0</Parameter>
      <Parameter Name="TaskPath">TagTransport</Parameter>
      <Parameter Name="LockTags">True</Parameter>
      <Parameter Name="UseRelations">True</Parameter>
    </Task>
  </Tasks>
  <Modules>
    <Module Id="CCC" Name="Customer configured content" Version="8.2.0.307" />
    <Module Id="QBM" Name="Configuration Module" Version="8.2.0.307" />
  </Modules>
</DBTransporter>