﻿<DbObjects><DbObject Display="CCCAzRoleAssignment.CCC_ResourceId" Version="2"><Key><Table Name="QBMCustomSQL" Display="CCCAzRoleAssignment.CCC_ResourceId" Key="CCC-01D3D9ED9A866DEDB2C904E8E555CB96"><Prop Name="UID_QBMCustomSQL"><Value>CCC-01D3D9ED9A866DEDB2C904E8E555CB96</Value></Prop></Table></Key><Columns><Column Name="Remarks"><Value /></Column><Column Name="ScriptCode" Display="exec QBM_PColumnAdd 'CCCAzRoleAssignment', 'CCC_ResourceId', 'nvarchar(2000) collate database_default NULL'"><Value>exec QBM_PColumnAdd 'CCCAzRoleAssignment', 'CCC_ResourceId', 'nvarchar(2000) collate database_default NULL'</Value></Column><Column Name="ScriptName" Display="CCCAzRoleAssignment.CCC_ResourceId"><Value>CCCAzRoleAssignment.CCC_ResourceId</Value></Column><Column Name="ScriptType" Display="Column"><Value>C</Value></Column><Column Name="SortOrder" Display="0"><Value>0</Value></Column><Column Name="UID_QBMCustomSQL" Display="CCC-01D3D9ED9A866DEDB2C904E8E555CB96"><Value>CCC-01D3D9ED9A866DEDB2C904E8E555CB96</Value></Column><Column Name="XDateInserted" Display="1/11/2022 10:21:33 AM"><Value>2022-01-11T10:21:33.4070000Z</Value></Column><Column Name="XDateUpdated" Display="1/11/2022 10:21:33 AM"><Value>2022-01-11T10:21:33.4070000Z</Value></Column><Column Name="XObjectKey" Display="&lt;Key&gt;&lt;T&gt;QBMCustomSQL&lt;/T&gt;&lt;P&gt;CCC-01D3D9ED9A866DEDB2C904E8E555CB96&lt;/P&gt;&lt;/Key&gt;"><Value>&lt;Key&gt;&lt;T&gt;QBMCustomSQL&lt;/T&gt;&lt;P&gt;CCC-01D3D9ED9A866DEDB2C904E8E555CB96&lt;/P&gt;&lt;/Key&gt;</Value></Column><Column Name="XTouched"><Value /></Column><Column Name="XUserInserted" Display="viadmin"><Value>viadmin</Value></Column><Column Name="XUserUpdated" Display="viadmin"><Value>viadmin</Value></Column></Columns></DbObject><DbObject Display="CCCAzLocation.CCC_RegionalResourceName" Version="2"><Key><Table Name="QBMCustomSQL" Display="CCCAzLocation.CCC_RegionalResourceName" Key="CCC-0B5AA1D0D7D21E871BF165A4FCDF551D"><Prop Name="UID_QBMCustomSQL"><Value>CCC-0B5AA1D0D7D21E871BF165A4FCDF551D</Value></Prop></Table></Key><Columns><Column Name="Remarks"><Value /></Column><Column Name="ScriptCode" Display="exec QBM_PColumnAdd 'CCCAzLocation', 'CCC_RegionalResourceName', 'nvarchar(1000) collate database_default NULL'"><Value>exec QBM_PColumnAdd 'CCCAzLocation', 'CCC_RegionalResourceName', 'nvarchar(1000) collate database_default NULL'</Value></Column><Column Name="ScriptName" Display="CCCAzLocation.CCC_RegionalResourceName"><Value>CCCAzLocation.CCC_RegionalResourceName</Value></Column><Column Name="ScriptType" Display="Column"><Value>C</Value></Column><Column Name="SortOrder" Display="0"><Value>0</Value></Column><Column Name="UID_QBMCustomSQL" Display="CCC-0B5AA1D0D7D21E871BF165A4FCDF551D"><Value>CCC-0B5AA1D0D7D21E871BF165A4FCDF551D</Value></Column><Column Name="XDateInserted" Display="1/10/2022 9:26:09 AM"><Value>2022-01-10T09:26:09.0530000Z</Value></Column><Column Name="XDateUpdated" Display="1/11/2022 10:27:52 AM"><Value>2022-01-11T10:27:52.6330000Z</Value></Column><Column Name="XObjectKey" Display="&lt;Key&gt;&lt;T&gt;QBMCustomSQL&lt;/T&gt;&lt;P&gt;CCC-0B5AA1D0D7D21E871BF165A4FCDF551D&lt;/P&gt;&lt;/Key&gt;"><Value>&lt;Key&gt;&lt;T&gt;QBMCustomSQL&lt;/T&gt;&lt;P&gt;CCC-0B5AA1D0D7D21E871BF165A4FCDF551D&lt;/P&gt;&lt;/Key&gt;</Value></Column><Column Name="XTouched" Display="I"><Value>I</Value></Column><Column Name="XUserInserted" Display="viadmin"><Value>viadmin</Value></Column><Column Name="XUserUpdated" Display="viadmin"><Value>viadmin</Value></Column></Columns></DbObject><DbObject Display="CCCAzResourceType.CCC_ResourceId" Version="2"><Key><Table Name="QBMCustomSQL" Display="CCCAzResourceType.CCC_ResourceId" Key="CCC-15C513C14E3C4D56711757B9BC938DAA"><Prop Name="UID_QBMCustomSQL"><Value>CCC-15C513C14E3C4D56711757B9BC938DAA</Value></Prop></Table></Key><Columns><Column Name="Remarks"><Value /></Column><Column Name="ScriptCode" Display="exec QBM_PColumnAdd 'CCCAzResourceType', 'CCC_ResourceId', 'nvarchar(2000) collate database_default NULL'"><Value>exec QBM_PColumnAdd 'CCCAzResourceType', 'CCC_ResourceId', 'nvarchar(2000) collate database_default NULL'</Value></Column><Column Name="ScriptName" Display="CCCAzResourceType.CCC_ResourceId"><Value>CCCAzResourceType.CCC_ResourceId</Value></Column><Column Name="ScriptType" Display="Column"><Value>C</Value></Column><Column Name="SortOrder" Display="0"><Value>0</Value></Column><Column Name="UID_QBMCustomSQL" Display="CCC-15C513C14E3C4D56711757B9BC938DAA"><Value>CCC-15C513C14E3C4D56711757B9BC938DAA</Value></Column><Column Name="XDateInserted" Display="1/10/2022 9:26:09 AM"><Value>2022-01-10T09:26:09.0470000Z</Value></Column><Column Name="XDateUpdated" Display="1/11/2022 10:27:55 AM"><Value>2022-01-11T10:27:55.9430000Z</Value></Column><Column Name="XObjectKey" Display="&lt;Key&gt;&lt;T&gt;QBMCustomSQL&lt;/T&gt;&lt;P&gt;CCC-15C513C14E3C4D56711757B9BC938DAA&lt;/P&gt;&lt;/Key&gt;"><Value>&lt;Key&gt;&lt;T&gt;QBMCustomSQL&lt;/T&gt;&lt;P&gt;CCC-15C513C14E3C4D56711757B9BC938DAA&lt;/P&gt;&lt;/Key&gt;</Value></Column><Column Name="XTouched" Display="I"><Value>I</Value></Column><Column Name="XUserInserted" Display="viadmin"><Value>viadmin</Value></Column><Column Name="XUserUpdated" Display="viadmin"><Value>viadmin</Value></Column></Columns></DbObject><DbObject Display="CCCAzResourceGroup.CCC_Id" Version="2"><Key><Table Name="QBMCustomSQL" Display="CCCAzResourceGroup.CCC_Id" Key="CCC-1C7A7FDB4BD57DE71E95700A55A045D4"><Prop Name="UID_QBMCustomSQL"><Value>CCC-1C7A7FDB4BD57DE71E95700A55A045D4</Value></Prop></Table></Key><Columns><Column Name="Remarks"><Value /></Column><Column Name="ScriptCode" Display="exec QBM_PColumnAdd 'CCCAzResourceGroup', 'CCC_Id', 'nvarchar(2000) collate database_default NULL'"><Value>exec QBM_PColumnAdd 'CCCAzResourceGroup', 'CCC_Id', 'nvarchar(2000) collate database_default NULL'</Value></Column><Column Name="ScriptName" Display="CCCAzResourceGroup.CCC_Id"><Value>CCCAzResourceGroup.CCC_Id</Value></Column><Column Name="ScriptType" Display="Column"><Value>C</Value></Column><Column Name="SortOrder" Display="0"><Value>0</Value></Column><Column Name="UID_QBMCustomSQL" Display="CCC-1C7A7FDB4BD57DE71E95700A55A045D4"><Value>CCC-1C7A7FDB4BD57DE71E95700A55A045D4</Value></Column><Column Name="XDateInserted" Display="1/10/2022 9:26:09 AM"><Value>2022-01-10T09:26:09.0730000Z</Value></Column><Column Name="XDateUpdated" Display="1/11/2022 10:27:52 AM"><Value>2022-01-11T10:27:52.6370000Z</Value></Column><Column Name="XObjectKey" Display="&lt;Key&gt;&lt;T&gt;QBMCustomSQL&lt;/T&gt;&lt;P&gt;CCC-1C7A7FDB4BD57DE71E95700A55A045D4&lt;/P&gt;&lt;/Key&gt;"><Value>&lt;Key&gt;&lt;T&gt;QBMCustomSQL&lt;/T&gt;&lt;P&gt;CCC-1C7A7FDB4BD57DE71E95700A55A045D4&lt;/P&gt;&lt;/Key&gt;</Value></Column><Column Name="XTouched" Display="I"><Value>I</Value></Column><Column Name="XUserInserted" Display="viadmin"><Value>viadmin</Value></Column><Column Name="XUserUpdated" Display="viadmin"><Value>viadmin</Value></Column></Columns></DbObject><DbObject Display="CCCAzRole.CCC_Id" Version="2"><Key><Table Name="QBMCustomSQL" Display="CCCAzRole.CCC_Id" Key="CCC-1F0ECFA7A7CC90077CC4B90DA7CC46C2"><Prop Name="UID_QBMCustomSQL"><Value>CCC-1F0ECFA7A7CC90077CC4B90DA7CC46C2</Value></Prop></Table></Key><Columns><Column Name="Remarks"><Value /></Column><Column Name="ScriptCode" Display="exec QBM_PColumnAdd 'CCCAzRole', 'CCC_Id', 'nvarchar(2000) collate database_default NULL'"><Value>exec QBM_PColumnAdd 'CCCAzRole', 'CCC_Id', 'nvarchar(2000) collate database_default NULL'</Value></Column><Column Name="ScriptName" Display="CCCAzRole.CCC_Id"><Value>CCCAzRole.CCC_Id</Value></Column><Column Name="ScriptType" Display="Column"><Value>C</Value></Column><Column Name="SortOrder" Display="0"><Value>0</Value></Column><Column Name="UID_QBMCustomSQL" Display="CCC-1F0ECFA7A7CC90077CC4B90DA7CC46C2"><Value>CCC-1F0ECFA7A7CC90077CC4B90DA7CC46C2</Value></Column><Column Name="XDateInserted" Display="1/10/2022 9:26:08 AM"><Value>2022-01-10T09:26:08.8270000Z</Value></Column><Column Name="XDateUpdated" Display="1/11/2022 10:27:52 AM"><Value>2022-01-11T10:27:52.4300000Z</Value></Column><Column Name="XObjectKey" Display="&lt;Key&gt;&lt;T&gt;QBMCustomSQL&lt;/T&gt;&lt;P&gt;CCC-1F0ECFA7A7CC90077CC4B90DA7CC46C2&lt;/P&gt;&lt;/Key&gt;"><Value>&lt;Key&gt;&lt;T&gt;QBMCustomSQL&lt;/T&gt;&lt;P&gt;CCC-1F0ECFA7A7CC90077CC4B90DA7CC46C2&lt;/P&gt;&lt;/Key&gt;</Value></Column><Column Name="XTouched" Display="I"><Value>I</Value></Column><Column Name="XUserInserted" Display="viadmin"><Value>viadmin</Value></Column><Column Name="XUserUpdated" Display="viadmin"><Value>viadmin</Value></Column></Columns></DbObject><DbObject Display="CCCAzMgmtGrp" Version="2"><Key><Table Name="QBMCustomSQL" Display="CCCAzMgmtGrp" Key="CCC-2F5EF69A08300FDFF5EF946549859667"><Prop Name="UID_QBMCustomSQL"><Value>CCC-2F5EF69A08300FDFF5EF946549859667</Value></Prop></Table></Key><Columns><Column Name="Remarks"><Value /></Column><Column Name="ScriptCode" Display=" &#xD;&#xA; if not exists (select top 1 1 from Information_schema.tables where table_name = N'CCCAzMgmtGrp')&#xD;&#xA;  begin&#xD;&#xA;	Create Table CCCAzMgmtGrp(&#xD;&#xA;	  UID_CCCAzMgmtGrp varchar(38) collate database_default NOT NULL&#xD;&#xA;	, XDateInserted datetime NULL&#xD;&#xA;	, XDateUpdated datetime NULL&#xD;&#xA;	, XUserInserted nvarchar(64) collate database_default NULL&#xD;&#xA;	, XUserUpdated nvarchar(64) collate database_default NULL&#xD;&#xA;	, XTouched nchar(1) collate database_default NULL&#xD;&#xA;	, XObjectKey varchar(138) collate database_default NOT NULL&#xD;&#xA;	, XMarkedForDeletion int default 0 NULL&#xD;&#xA;	, CCC_UID_AADOrganization varchar(38) collate database_default NULL&#xD;&#xA;	, CCC_UID_OrgRuler varchar(38) collate database_default NULL&#xD;&#xA;	, CCC_UID_ParentCCCAzMgmtGrp varchar(38) collate database_default NULL&#xD;&#xA;	, CCC_RiskIndex float default (0.0000000000000000e+000) NULL&#xD;&#xA;	, CCC_DisplayName nvarchar(1000) collate database_default NULL&#xD;&#xA;	, CCC_Id nvarchar(2000) collate database_default NULL&#xD;&#xA;	, CCC_ResourceId nvarchar(2000) collate database_default NULL&#xD;&#xA;	, primary key CLUSTERED (UID_CCCAzMgmtGrp)&#xD;&#xA;	)&#xD;&#xA;	on &quot;PRIMARY&quot;&#xD;&#xA;  end"><Value> 
 if not exists (select top 1 1 from Information_schema.tables where table_name = N'CCCAzMgmtGrp')
  begin
	Create Table CCCAzMgmtGrp(
	  UID_CCCAzMgmtGrp varchar(38) collate database_default NOT NULL
	, XDateInserted datetime NULL
	, XDateUpdated datetime NULL
	, XUserInserted nvarchar(64) collate database_default NULL
	, XUserUpdated nvarchar(64) collate database_default NULL
	, XTouched nchar(1) collate database_default NULL
	, XObjectKey varchar(138) collate database_default NOT NULL
	, XMarkedForDeletion int default 0 NULL
	, CCC_UID_AADOrganization varchar(38) collate database_default NULL
	, CCC_UID_OrgRuler varchar(38) collate database_default NULL
	, CCC_UID_ParentCCCAzMgmtGrp varchar(38) collate database_default NULL
	, CCC_RiskIndex float default (0.0000000000000000e+000) NULL
	, CCC_DisplayName nvarchar(1000) collate database_default NULL
	, CCC_Id nvarchar(2000) collate database_default NULL
	, CCC_ResourceId nvarchar(2000) collate database_default NULL
	, primary key CLUSTERED (UID_CCCAzMgmtGrp)
	)
	on "PRIMARY"
  end</Value></Column><Column Name="ScriptName" Display="CCCAzMgmtGrp"><Value>CCCAzMgmtGrp</Value></Column><Column Name="ScriptType" Display="Table"><Value>U</Value></Column><Column Name="SortOrder" Display="0"><Value>0</Value></Column><Column Name="UID_QBMCustomSQL" Display="CCC-2F5EF69A08300FDFF5EF946549859667"><Value>CCC-2F5EF69A08300FDFF5EF946549859667</Value></Column><Column Name="XDateInserted" Display="1/10/2022 9:26:09 AM"><Value>2022-01-10T09:26:09.0800000Z</Value></Column><Column Name="XDateUpdated" Display="1/11/2022 10:27:52 AM"><Value>2022-01-11T10:27:52.1800000Z</Value></Column><Column Name="XObjectKey" Display="&lt;Key&gt;&lt;T&gt;QBMCustomSQL&lt;/T&gt;&lt;P&gt;CCC-2F5EF69A08300FDFF5EF946549859667&lt;/P&gt;&lt;/Key&gt;"><Value>&lt;Key&gt;&lt;T&gt;QBMCustomSQL&lt;/T&gt;&lt;P&gt;CCC-2F5EF69A08300FDFF5EF946549859667&lt;/P&gt;&lt;/Key&gt;</Value></Column><Column Name="XTouched" Display="I"><Value>I</Value></Column><Column Name="XUserInserted" Display="viadmin"><Value>viadmin</Value></Column><Column Name="XUserUpdated" Display="viadmin"><Value>viadmin</Value></Column></Columns></DbObject><DbObject Display="CCCAzResourceType.CCC_Id" Version="2"><Key><Table Name="QBMCustomSQL" Display="CCCAzResourceType.CCC_Id" Key="CCC-3BB3E4F3E9FCA2F37BA7863D0FB4CD87"><Prop Name="UID_QBMCustomSQL"><Value>CCC-3BB3E4F3E9FCA2F37BA7863D0FB4CD87</Value></Prop></Table></Key><Columns><Column Name="Remarks"><Value /></Column><Column Name="ScriptCode" Display="exec QBM_PColumnAdd 'CCCAzResourceType', 'CCC_Id', 'nvarchar(2000) collate database_default NULL'"><Value>exec QBM_PColumnAdd 'CCCAzResourceType', 'CCC_Id', 'nvarchar(2000) collate database_default NULL'</Value></Column><Column Name="ScriptName" Display="CCCAzResourceType.CCC_Id"><Value>CCCAzResourceType.CCC_Id</Value></Column><Column Name="ScriptType" Display="Column"><Value>C</Value></Column><Column Name="SortOrder" Display="0"><Value>0</Value></Column><Column Name="UID_QBMCustomSQL" Display="CCC-3BB3E4F3E9FCA2F37BA7863D0FB4CD87"><Value>CCC-3BB3E4F3E9FCA2F37BA7863D0FB4CD87</Value></Column><Column Name="XDateInserted" Display="1/10/2022 9:26:09 AM"><Value>2022-01-10T09:26:09.0470000Z</Value></Column><Column Name="XDateUpdated" Display="1/11/2022 10:27:55 AM"><Value>2022-01-11T10:27:55.9430000Z</Value></Column><Column Name="XObjectKey" Display="&lt;Key&gt;&lt;T&gt;QBMCustomSQL&lt;/T&gt;&lt;P&gt;CCC-3BB3E4F3E9FCA2F37BA7863D0FB4CD87&lt;/P&gt;&lt;/Key&gt;"><Value>&lt;Key&gt;&lt;T&gt;QBMCustomSQL&lt;/T&gt;&lt;P&gt;CCC-3BB3E4F3E9FCA2F37BA7863D0FB4CD87&lt;/P&gt;&lt;/Key&gt;</Value></Column><Column Name="XTouched" Display="I"><Value>I</Value></Column><Column Name="XUserInserted" Display="viadmin"><Value>viadmin</Value></Column><Column Name="XUserUpdated" Display="viadmin"><Value>viadmin</Value></Column></Columns></DbObject><DbObject Display="CCCAzResourceGroup.CCC_ResourceId" Version="2"><Key><Table Name="QBMCustomSQL" Display="CCCAzResourceGroup.CCC_ResourceId" Key="CCC-46726567D5834D6A2215115502D38E34"><Prop Name="UID_QBMCustomSQL"><Value>CCC-46726567D5834D6A2215115502D38E34</Value></Prop></Table></Key><Columns><Column Name="Remarks"><Value /></Column><Column Name="ScriptCode" Display="exec QBM_PColumnAdd 'CCCAzResourceGroup', 'CCC_ResourceId', 'nvarchar(2000) collate database_default NULL'"><Value>exec QBM_PColumnAdd 'CCCAzResourceGroup', 'CCC_ResourceId', 'nvarchar(2000) collate database_default NULL'</Value></Column><Column Name="ScriptName" Display="CCCAzResourceGroup.CCC_ResourceId"><Value>CCCAzResourceGroup.CCC_ResourceId</Value></Column><Column Name="ScriptType" Display="Column"><Value>C</Value></Column><Column Name="SortOrder" Display="0"><Value>0</Value></Column><Column Name="UID_QBMCustomSQL" Display="CCC-46726567D5834D6A2215115502D38E34"><Value>CCC-46726567D5834D6A2215115502D38E34</Value></Column><Column Name="XDateInserted" Display="1/10/2022 9:26:09 AM"><Value>2022-01-10T09:26:09.0730000Z</Value></Column><Column Name="XDateUpdated" Display="1/11/2022 10:27:52 AM"><Value>2022-01-11T10:27:52.6370000Z</Value></Column><Column Name="XObjectKey" Display="&lt;Key&gt;&lt;T&gt;QBMCustomSQL&lt;/T&gt;&lt;P&gt;CCC-46726567D5834D6A2215115502D38E34&lt;/P&gt;&lt;/Key&gt;"><Value>&lt;Key&gt;&lt;T&gt;QBMCustomSQL&lt;/T&gt;&lt;P&gt;CCC-46726567D5834D6A2215115502D38E34&lt;/P&gt;&lt;/Key&gt;</Value></Column><Column Name="XTouched" Display="I"><Value>I</Value></Column><Column Name="XUserInserted" Display="viadmin"><Value>viadmin</Value></Column><Column Name="XUserUpdated" Display="viadmin"><Value>viadmin</Value></Column></Columns></DbObject><DbObject Display="CCCAzRole" Version="2"><Key><Table Name="QBMCustomSQL" Display="CCCAzRole" Key="CCC-4DA1754BEDF4B1ABA755EDB77B6D74B5"><Prop Name="UID_QBMCustomSQL"><Value>CCC-4DA1754BEDF4B1ABA755EDB77B6D74B5</Value></Prop></Table></Key><Columns><Column Name="Remarks"><Value /></Column><Column Name="ScriptCode" Display=" &#xD;&#xA; if not exists (select top 1 1 from Information_schema.tables where table_name = N'CCCAzRole')&#xD;&#xA;  begin&#xD;&#xA;	Create Table CCCAzRole(&#xD;&#xA;	  UID_CCCAzRole varchar(38) collate database_default NOT NULL&#xD;&#xA;	, XDateInserted datetime NULL&#xD;&#xA;	, XDateUpdated datetime NULL&#xD;&#xA;	, XUserInserted nvarchar(64) collate database_default NULL&#xD;&#xA;	, XUserUpdated nvarchar(64) collate database_default NULL&#xD;&#xA;	, XTouched nchar(1) collate database_default NULL&#xD;&#xA;	, XObjectKey varchar(138) collate database_default NOT NULL&#xD;&#xA;	, XMarkedForDeletion int default 0 NULL&#xD;&#xA;	, CCC_Description nvarchar(512) collate database_default NULL&#xD;&#xA;	, CCC_isCustom bit default 0 NULL&#xD;&#xA;	, CCC_UID_AADOrganization varchar(38) collate database_default NULL&#xD;&#xA;	, CCC_ResourceId nvarchar(2000) collate database_default NULL&#xD;&#xA;	, CCC_DisplayName nvarchar(1000) collate database_default NULL&#xD;&#xA;	, CCC_Id nvarchar(2000) collate database_default NULL&#xD;&#xA;	, primary key CLUSTERED (UID_CCCAzRole)&#xD;&#xA;	)&#xD;&#xA;	on &quot;PRIMARY&quot;&#xD;&#xA;  end"><Value> 
 if not exists (select top 1 1 from Information_schema.tables where table_name = N'CCCAzRole')
  begin
	Create Table CCCAzRole(
	  UID_CCCAzRole varchar(38) collate database_default NOT NULL
	, XDateInserted datetime NULL
	, XDateUpdated datetime NULL
	, XUserInserted nvarchar(64) collate database_default NULL
	, XUserUpdated nvarchar(64) collate database_default NULL
	, XTouched nchar(1) collate database_default NULL
	, XObjectKey varchar(138) collate database_default NOT NULL
	, XMarkedForDeletion int default 0 NULL
	, CCC_Description nvarchar(512) collate database_default NULL
	, CCC_isCustom bit default 0 NULL
	, CCC_UID_AADOrganization varchar(38) collate database_default NULL
	, CCC_ResourceId nvarchar(2000) collate database_default NULL
	, CCC_DisplayName nvarchar(1000) collate database_default NULL
	, CCC_Id nvarchar(2000) collate database_default NULL
	, primary key CLUSTERED (UID_CCCAzRole)
	)
	on "PRIMARY"
  end</Value></Column><Column Name="ScriptName" Display="CCCAzRole"><Value>CCCAzRole</Value></Column><Column Name="ScriptType" Display="Table"><Value>U</Value></Column><Column Name="SortOrder" Display="0"><Value>0</Value></Column><Column Name="UID_QBMCustomSQL" Display="CCC-4DA1754BEDF4B1ABA755EDB77B6D74B5"><Value>CCC-4DA1754BEDF4B1ABA755EDB77B6D74B5</Value></Column><Column Name="XDateInserted" Display="1/10/2022 9:26:08 AM"><Value>2022-01-10T09:26:08.8270000Z</Value></Column><Column Name="XDateUpdated" Display="1/11/2022 10:27:52 AM"><Value>2022-01-11T10:27:52.4300000Z</Value></Column><Column Name="XObjectKey" Display="&lt;Key&gt;&lt;T&gt;QBMCustomSQL&lt;/T&gt;&lt;P&gt;CCC-4DA1754BEDF4B1ABA755EDB77B6D74B5&lt;/P&gt;&lt;/Key&gt;"><Value>&lt;Key&gt;&lt;T&gt;QBMCustomSQL&lt;/T&gt;&lt;P&gt;CCC-4DA1754BEDF4B1ABA755EDB77B6D74B5&lt;/P&gt;&lt;/Key&gt;</Value></Column><Column Name="XTouched" Display="I"><Value>I</Value></Column><Column Name="XUserInserted" Display="viadmin"><Value>viadmin</Value></Column><Column Name="XUserUpdated" Display="viadmin"><Value>viadmin</Value></Column></Columns></DbObject><DbObject Display="CCCAzRoleAssignment" Version="2"><Key><Table Name="QBMCustomSQL" Display="CCCAzRoleAssignment" Key="CCC-5804C2F175AA14B813B6173AB5E5E69C"><Prop Name="UID_QBMCustomSQL"><Value>CCC-5804C2F175AA14B813B6173AB5E5E69C</Value></Prop></Table></Key><Columns><Column Name="Remarks"><Value /></Column><Column Name="ScriptCode" Display=" &#xD;&#xA; if not exists (select top 1 1 from Information_schema.tables where table_name = N'CCCAzRoleAssignment')&#xD;&#xA;  begin&#xD;&#xA;	Create Table CCCAzRoleAssignment(&#xD;&#xA;	  UID_CCCAzRoleAssignment varchar(38) collate database_default NOT NULL&#xD;&#xA;	, XDateInserted datetime NULL&#xD;&#xA;	, XDateUpdated datetime NULL&#xD;&#xA;	, XUserInserted nvarchar(64) collate database_default NULL&#xD;&#xA;	, XUserUpdated nvarchar(64) collate database_default NULL&#xD;&#xA;	, XTouched nchar(1) collate database_default NULL&#xD;&#xA;	, XObjectKey varchar(138) collate database_default NOT NULL&#xD;&#xA;	, XMarkedForDeletion int default 0 NULL&#xD;&#xA;	, CCC_isDeny bit default 0 NULL&#xD;&#xA;	, CCC_UID_CCCAzRole varchar(38) collate database_default NULL&#xD;&#xA;	, CCC_XObjectKeyScope varchar(138) collate database_default NULL&#xD;&#xA;	, CCC_XObjectKeySecPrinciple varchar(138) collate database_default NULL&#xD;&#xA;	, CCC_ResourceId nvarchar(2000) collate database_default NULL&#xD;&#xA;	, CCC_Id nvarchar(2000) collate database_default NULL&#xD;&#xA;	, primary key CLUSTERED (UID_CCCAzRoleAssignment)&#xD;&#xA;	)&#xD;&#xA;	on &quot;PRIMARY&quot;&#xD;&#xA;  end"><Value> 
 if not exists (select top 1 1 from Information_schema.tables where table_name = N'CCCAzRoleAssignment')
  begin
	Create Table CCCAzRoleAssignment(
	  UID_CCCAzRoleAssignment varchar(38) collate database_default NOT NULL
	, XDateInserted datetime NULL
	, XDateUpdated datetime NULL
	, XUserInserted nvarchar(64) collate database_default NULL
	, XUserUpdated nvarchar(64) collate database_default NULL
	, XTouched nchar(1) collate database_default NULL
	, XObjectKey varchar(138) collate database_default NOT NULL
	, XMarkedForDeletion int default 0 NULL
	, CCC_isDeny bit default 0 NULL
	, CCC_UID_CCCAzRole varchar(38) collate database_default NULL
	, CCC_XObjectKeyScope varchar(138) collate database_default NULL
	, CCC_XObjectKeySecPrinciple varchar(138) collate database_default NULL
	, CCC_ResourceId nvarchar(2000) collate database_default NULL
	, CCC_Id nvarchar(2000) collate database_default NULL
	, primary key CLUSTERED (UID_CCCAzRoleAssignment)
	)
	on "PRIMARY"
  end</Value></Column><Column Name="ScriptName" Display="CCCAzRoleAssignment"><Value>CCCAzRoleAssignment</Value></Column><Column Name="ScriptType" Display="Table"><Value>U</Value></Column><Column Name="SortOrder" Display="0"><Value>0</Value></Column><Column Name="UID_QBMCustomSQL" Display="CCC-5804C2F175AA14B813B6173AB5E5E69C"><Value>CCC-5804C2F175AA14B813B6173AB5E5E69C</Value></Column><Column Name="XDateInserted" Display="1/10/2022 9:26:09 AM"><Value>2022-01-10T09:26:09.0230000Z</Value></Column><Column Name="XDateUpdated" Display="1/11/2022 10:27:55 AM"><Value>2022-01-11T10:27:55.9470000Z</Value></Column><Column Name="XObjectKey" Display="&lt;Key&gt;&lt;T&gt;QBMCustomSQL&lt;/T&gt;&lt;P&gt;CCC-5804C2F175AA14B813B6173AB5E5E69C&lt;/P&gt;&lt;/Key&gt;"><Value>&lt;Key&gt;&lt;T&gt;QBMCustomSQL&lt;/T&gt;&lt;P&gt;CCC-5804C2F175AA14B813B6173AB5E5E69C&lt;/P&gt;&lt;/Key&gt;</Value></Column><Column Name="XTouched" Display="I"><Value>I</Value></Column><Column Name="XUserInserted" Display="viadmin"><Value>viadmin</Value></Column><Column Name="XUserUpdated" Display="viadmin"><Value>viadmin</Value></Column></Columns></DbObject><DbObject Display="CCCAzSubscription.CCC_Id" Version="2"><Key><Table Name="QBMCustomSQL" Display="CCCAzSubscription.CCC_Id" Key="CCC-5D1E20B041E3F2F034CD49A60C3FDF62"><Prop Name="UID_QBMCustomSQL"><Value>CCC-5D1E20B041E3F2F034CD49A60C3FDF62</Value></Prop></Table></Key><Columns><Column Name="Remarks"><Value /></Column><Column Name="ScriptCode" Display="exec QBM_PColumnAdd 'CCCAzSubscription', 'CCC_Id', 'nvarchar(2000) collate database_default NULL'"><Value>exec QBM_PColumnAdd 'CCCAzSubscription', 'CCC_Id', 'nvarchar(2000) collate database_default NULL'</Value></Column><Column Name="ScriptName" Display="CCCAzSubscription.CCC_Id"><Value>CCCAzSubscription.CCC_Id</Value></Column><Column Name="ScriptType" Display="Column"><Value>C</Value></Column><Column Name="SortOrder" Display="0"><Value>0</Value></Column><Column Name="UID_QBMCustomSQL" Display="CCC-5D1E20B041E3F2F034CD49A60C3FDF62"><Value>CCC-5D1E20B041E3F2F034CD49A60C3FDF62</Value></Column><Column Name="XDateInserted" Display="1/10/2022 9:26:09 AM"><Value>2022-01-10T09:26:09.0630000Z</Value></Column><Column Name="XDateUpdated" Display="1/11/2022 10:27:52 AM"><Value>2022-01-11T10:27:52.6370000Z</Value></Column><Column Name="XObjectKey" Display="&lt;Key&gt;&lt;T&gt;QBMCustomSQL&lt;/T&gt;&lt;P&gt;CCC-5D1E20B041E3F2F034CD49A60C3FDF62&lt;/P&gt;&lt;/Key&gt;"><Value>&lt;Key&gt;&lt;T&gt;QBMCustomSQL&lt;/T&gt;&lt;P&gt;CCC-5D1E20B041E3F2F034CD49A60C3FDF62&lt;/P&gt;&lt;/Key&gt;</Value></Column><Column Name="XTouched" Display="I"><Value>I</Value></Column><Column Name="XUserInserted" Display="viadmin"><Value>viadmin</Value></Column><Column Name="XUserUpdated" Display="viadmin"><Value>viadmin</Value></Column></Columns></DbObject><DbObject Display="CCCAzRole.CCC_ResourceId" Version="2"><Key><Table Name="QBMCustomSQL" Display="CCCAzRole.CCC_ResourceId" Key="CCC-5E816159B6E00885C8A3DBF7E52CFF56"><Prop Name="UID_QBMCustomSQL"><Value>CCC-5E816159B6E00885C8A3DBF7E52CFF56</Value></Prop></Table></Key><Columns><Column Name="Remarks"><Value /></Column><Column Name="ScriptCode" Display="exec QBM_PColumnAdd 'CCCAzRole', 'CCC_ResourceId', 'nvarchar(2000) collate database_default NULL'"><Value>exec QBM_PColumnAdd 'CCCAzRole', 'CCC_ResourceId', 'nvarchar(2000) collate database_default NULL'</Value></Column><Column Name="ScriptName" Display="CCCAzRole.CCC_ResourceId"><Value>CCCAzRole.CCC_ResourceId</Value></Column><Column Name="ScriptType" Display="Column"><Value>C</Value></Column><Column Name="SortOrder" Display="0"><Value>0</Value></Column><Column Name="UID_QBMCustomSQL" Display="CCC-5E816159B6E00885C8A3DBF7E52CFF56"><Value>CCC-5E816159B6E00885C8A3DBF7E52CFF56</Value></Column><Column Name="XDateInserted" Display="1/10/2022 9:26:08 AM"><Value>2022-01-10T09:26:08.8270000Z</Value></Column><Column Name="XDateUpdated" Display="1/11/2022 10:27:52 AM"><Value>2022-01-11T10:27:52.4300000Z</Value></Column><Column Name="XObjectKey" Display="&lt;Key&gt;&lt;T&gt;QBMCustomSQL&lt;/T&gt;&lt;P&gt;CCC-5E816159B6E00885C8A3DBF7E52CFF56&lt;/P&gt;&lt;/Key&gt;"><Value>&lt;Key&gt;&lt;T&gt;QBMCustomSQL&lt;/T&gt;&lt;P&gt;CCC-5E816159B6E00885C8A3DBF7E52CFF56&lt;/P&gt;&lt;/Key&gt;</Value></Column><Column Name="XTouched" Display="I"><Value>I</Value></Column><Column Name="XUserInserted" Display="viadmin"><Value>viadmin</Value></Column><Column Name="XUserUpdated" Display="viadmin"><Value>viadmin</Value></Column></Columns></DbObject><DbObject Display="CCCAzResourceType.CCC_DisplayName" Version="2"><Key><Table Name="QBMCustomSQL" Display="CCCAzResourceType.CCC_DisplayName" Key="CCC-61B2337AA0EB05D198660A953171B3B7"><Prop Name="UID_QBMCustomSQL"><Value>CCC-61B2337AA0EB05D198660A953171B3B7</Value></Prop></Table></Key><Columns><Column Name="Remarks"><Value /></Column><Column Name="ScriptCode" Display="exec QBM_PColumnAdd 'CCCAzResourceType', 'CCC_DisplayName', 'nvarchar(1000) collate database_default NULL'"><Value>exec QBM_PColumnAdd 'CCCAzResourceType', 'CCC_DisplayName', 'nvarchar(1000) collate database_default NULL'</Value></Column><Column Name="ScriptName" Display="CCCAzResourceType.CCC_DisplayName"><Value>CCCAzResourceType.CCC_DisplayName</Value></Column><Column Name="ScriptType" Display="Column"><Value>C</Value></Column><Column Name="SortOrder" Display="0"><Value>0</Value></Column><Column Name="UID_QBMCustomSQL" Display="CCC-61B2337AA0EB05D198660A953171B3B7"><Value>CCC-61B2337AA0EB05D198660A953171B3B7</Value></Column><Column Name="XDateInserted" Display="1/10/2022 9:26:09 AM"><Value>2022-01-10T09:26:09.0470000Z</Value></Column><Column Name="XDateUpdated" Display="1/11/2022 10:27:55 AM"><Value>2022-01-11T10:27:55.9430000Z</Value></Column><Column Name="XObjectKey" Display="&lt;Key&gt;&lt;T&gt;QBMCustomSQL&lt;/T&gt;&lt;P&gt;CCC-61B2337AA0EB05D198660A953171B3B7&lt;/P&gt;&lt;/Key&gt;"><Value>&lt;Key&gt;&lt;T&gt;QBMCustomSQL&lt;/T&gt;&lt;P&gt;CCC-61B2337AA0EB05D198660A953171B3B7&lt;/P&gt;&lt;/Key&gt;</Value></Column><Column Name="XTouched" Display="I"><Value>I</Value></Column><Column Name="XUserInserted" Display="viadmin"><Value>viadmin</Value></Column><Column Name="XUserUpdated" Display="viadmin"><Value>viadmin</Value></Column></Columns></DbObject><DbObject Display="CCCAzResourceGroup.CCC_RiskIndex" Version="2"><Key><Table Name="QBMCustomSQL" Display="CCCAzResourceGroup.CCC_RiskIndex" Key="CCC-695047CC4F682D9BC7A5449CF2DD6016"><Prop Name="UID_QBMCustomSQL"><Value>CCC-695047CC4F682D9BC7A5449CF2DD6016</Value></Prop></Table></Key><Columns><Column Name="Remarks"><Value /></Column><Column Name="ScriptCode" Display="exec QBM_PColumnAdd 'CCCAzResourceGroup', 'CCC_RiskIndex', 'float default (0.0000000000000000e+000) NULL'"><Value>exec QBM_PColumnAdd 'CCCAzResourceGroup', 'CCC_RiskIndex', 'float default (0.0000000000000000e+000) NULL'</Value></Column><Column Name="ScriptName" Display="CCCAzResourceGroup.CCC_RiskIndex"><Value>CCCAzResourceGroup.CCC_RiskIndex</Value></Column><Column Name="ScriptType" Display="Column"><Value>C</Value></Column><Column Name="SortOrder" Display="0"><Value>0</Value></Column><Column Name="UID_QBMCustomSQL" Display="CCC-695047CC4F682D9BC7A5449CF2DD6016"><Value>CCC-695047CC4F682D9BC7A5449CF2DD6016</Value></Column><Column Name="XDateInserted" Display="1/10/2022 9:26:09 AM"><Value>2022-01-10T09:26:09.0730000Z</Value></Column><Column Name="XDateUpdated" Display="1/11/2022 10:27:52 AM"><Value>2022-01-11T10:27:52.6370000Z</Value></Column><Column Name="XObjectKey" Display="&lt;Key&gt;&lt;T&gt;QBMCustomSQL&lt;/T&gt;&lt;P&gt;CCC-695047CC4F682D9BC7A5449CF2DD6016&lt;/P&gt;&lt;/Key&gt;"><Value>&lt;Key&gt;&lt;T&gt;QBMCustomSQL&lt;/T&gt;&lt;P&gt;CCC-695047CC4F682D9BC7A5449CF2DD6016&lt;/P&gt;&lt;/Key&gt;</Value></Column><Column Name="XTouched" Display="I"><Value>I</Value></Column><Column Name="XUserInserted" Display="viadmin"><Value>viadmin</Value></Column><Column Name="XUserUpdated" Display="viadmin"><Value>viadmin</Value></Column></Columns></DbObject><DbObject Display="CCCAzLocation.CCC_DisplayName" Version="2"><Key><Table Name="QBMCustomSQL" Display="CCCAzLocation.CCC_DisplayName" Key="CCC-780C1F6275527E6C33BF1A43DC62F519"><Prop Name="UID_QBMCustomSQL"><Value>CCC-780C1F6275527E6C33BF1A43DC62F519</Value></Prop></Table></Key><Columns><Column Name="Remarks"><Value /></Column><Column Name="ScriptCode" Display="exec QBM_PColumnAdd 'CCCAzLocation', 'CCC_DisplayName', 'nvarchar(1000) collate database_default NULL'"><Value>exec QBM_PColumnAdd 'CCCAzLocation', 'CCC_DisplayName', 'nvarchar(1000) collate database_default NULL'</Value></Column><Column Name="ScriptName" Display="CCCAzLocation.CCC_DisplayName"><Value>CCCAzLocation.CCC_DisplayName</Value></Column><Column Name="ScriptType" Display="Column"><Value>C</Value></Column><Column Name="SortOrder" Display="0"><Value>0</Value></Column><Column Name="UID_QBMCustomSQL" Display="CCC-780C1F6275527E6C33BF1A43DC62F519"><Value>CCC-780C1F6275527E6C33BF1A43DC62F519</Value></Column><Column Name="XDateInserted" Display="1/10/2022 9:26:09 AM"><Value>2022-01-10T09:26:09.0530000Z</Value></Column><Column Name="XDateUpdated" Display="1/11/2022 10:27:52 AM"><Value>2022-01-11T10:27:52.6330000Z</Value></Column><Column Name="XObjectKey" Display="&lt;Key&gt;&lt;T&gt;QBMCustomSQL&lt;/T&gt;&lt;P&gt;CCC-780C1F6275527E6C33BF1A43DC62F519&lt;/P&gt;&lt;/Key&gt;"><Value>&lt;Key&gt;&lt;T&gt;QBMCustomSQL&lt;/T&gt;&lt;P&gt;CCC-780C1F6275527E6C33BF1A43DC62F519&lt;/P&gt;&lt;/Key&gt;</Value></Column><Column Name="XTouched" Display="I"><Value>I</Value></Column><Column Name="XUserInserted" Display="viadmin"><Value>viadmin</Value></Column><Column Name="XUserUpdated" Display="viadmin"><Value>viadmin</Value></Column></Columns></DbObject><DbObject Display="CCCAzResource.CCC_ResourceId" Version="2"><Key><Table Name="QBMCustomSQL" Display="CCCAzResource.CCC_ResourceId" Key="CCC-7FB06F5D029C4DEF7896B9E94616C682"><Prop Name="UID_QBMCustomSQL"><Value>CCC-7FB06F5D029C4DEF7896B9E94616C682</Value></Prop></Table></Key><Columns><Column Name="Remarks"><Value /></Column><Column Name="ScriptCode" Display="exec QBM_PColumnAdd 'CCCAzResource', 'CCC_ResourceId', 'nvarchar(2000) collate database_default NULL'"><Value>exec QBM_PColumnAdd 'CCCAzResource', 'CCC_ResourceId', 'nvarchar(2000) collate database_default NULL'</Value></Column><Column Name="ScriptName" Display="CCCAzResource.CCC_ResourceId"><Value>CCCAzResource.CCC_ResourceId</Value></Column><Column Name="ScriptType" Display="Column"><Value>C</Value></Column><Column Name="SortOrder" Display="0"><Value>0</Value></Column><Column Name="UID_QBMCustomSQL" Display="CCC-7FB06F5D029C4DEF7896B9E94616C682"><Value>CCC-7FB06F5D029C4DEF7896B9E94616C682</Value></Column><Column Name="XDateInserted" Display="1/10/2022 9:26:09 AM"><Value>2022-01-10T09:26:09.0370000Z</Value></Column><Column Name="XDateUpdated" Display="1/11/2022 10:27:51 AM"><Value>2022-01-11T10:27:51.9600000Z</Value></Column><Column Name="XObjectKey" Display="&lt;Key&gt;&lt;T&gt;QBMCustomSQL&lt;/T&gt;&lt;P&gt;CCC-7FB06F5D029C4DEF7896B9E94616C682&lt;/P&gt;&lt;/Key&gt;"><Value>&lt;Key&gt;&lt;T&gt;QBMCustomSQL&lt;/T&gt;&lt;P&gt;CCC-7FB06F5D029C4DEF7896B9E94616C682&lt;/P&gt;&lt;/Key&gt;</Value></Column><Column Name="XTouched" Display="I"><Value>I</Value></Column><Column Name="XUserInserted" Display="viadmin"><Value>viadmin</Value></Column><Column Name="XUserUpdated" Display="viadmin"><Value>viadmin</Value></Column></Columns></DbObject><DbObject Display="CCCAzLocation.CCC_Name" Version="2"><Key><Table Name="QBMCustomSQL" Display="CCCAzLocation.CCC_Name" Key="CCC-80C788ED884EFE500127AE1D9352869B"><Prop Name="UID_QBMCustomSQL"><Value>CCC-80C788ED884EFE500127AE1D9352869B</Value></Prop></Table></Key><Columns><Column Name="Remarks"><Value /></Column><Column Name="ScriptCode" Display="exec QBM_PColumnAdd 'CCCAzLocation', 'CCC_Name', 'nvarchar(1000) collate database_default NULL'"><Value>exec QBM_PColumnAdd 'CCCAzLocation', 'CCC_Name', 'nvarchar(1000) collate database_default NULL'</Value></Column><Column Name="ScriptName" Display="CCCAzLocation.CCC_Name"><Value>CCCAzLocation.CCC_Name</Value></Column><Column Name="ScriptType" Display="Column"><Value>C</Value></Column><Column Name="SortOrder" Display="0"><Value>0</Value></Column><Column Name="UID_QBMCustomSQL" Display="CCC-80C788ED884EFE500127AE1D9352869B"><Value>CCC-80C788ED884EFE500127AE1D9352869B</Value></Column><Column Name="XDateInserted" Display="1/10/2022 9:26:09 AM"><Value>2022-01-10T09:26:09.0530000Z</Value></Column><Column Name="XDateUpdated" Display="1/11/2022 10:27:52 AM"><Value>2022-01-11T10:27:52.6330000Z</Value></Column><Column Name="XObjectKey" Display="&lt;Key&gt;&lt;T&gt;QBMCustomSQL&lt;/T&gt;&lt;P&gt;CCC-80C788ED884EFE500127AE1D9352869B&lt;/P&gt;&lt;/Key&gt;"><Value>&lt;Key&gt;&lt;T&gt;QBMCustomSQL&lt;/T&gt;&lt;P&gt;CCC-80C788ED884EFE500127AE1D9352869B&lt;/P&gt;&lt;/Key&gt;</Value></Column><Column Name="XTouched" Display="I"><Value>I</Value></Column><Column Name="XUserInserted" Display="viadmin"><Value>viadmin</Value></Column><Column Name="XUserUpdated" Display="viadmin"><Value>viadmin</Value></Column></Columns></DbObject><DbObject Display="CCCAzSubscription.CCC_SubscriptionId" Version="2"><Key><Table Name="QBMCustomSQL" Display="CCCAzSubscription.CCC_SubscriptionId" Key="CCC-828F4941D5739436D9544EBE08135C3C"><Prop Name="UID_QBMCustomSQL"><Value>CCC-828F4941D5739436D9544EBE08135C3C</Value></Prop></Table></Key><Columns><Column Name="Remarks"><Value /></Column><Column Name="ScriptCode" Display="exec QBM_PColumnAdd 'CCCAzSubscription', 'CCC_SubscriptionId', 'nvarchar(64) collate database_default NULL'"><Value>exec QBM_PColumnAdd 'CCCAzSubscription', 'CCC_SubscriptionId', 'nvarchar(64) collate database_default NULL'</Value></Column><Column Name="ScriptName" Display="CCCAzSubscription.CCC_SubscriptionId"><Value>CCCAzSubscription.CCC_SubscriptionId</Value></Column><Column Name="ScriptType" Display="Column"><Value>C</Value></Column><Column Name="SortOrder" Display="0"><Value>0</Value></Column><Column Name="UID_QBMCustomSQL" Display="CCC-828F4941D5739436D9544EBE08135C3C"><Value>CCC-828F4941D5739436D9544EBE08135C3C</Value></Column><Column Name="XDateInserted" Display="1/10/2022 9:26:09 AM"><Value>2022-01-10T09:26:09.0630000Z</Value></Column><Column Name="XDateUpdated" Display="1/11/2022 10:27:52 AM"><Value>2022-01-11T10:27:52.6370000Z</Value></Column><Column Name="XObjectKey" Display="&lt;Key&gt;&lt;T&gt;QBMCustomSQL&lt;/T&gt;&lt;P&gt;CCC-828F4941D5739436D9544EBE08135C3C&lt;/P&gt;&lt;/Key&gt;"><Value>&lt;Key&gt;&lt;T&gt;QBMCustomSQL&lt;/T&gt;&lt;P&gt;CCC-828F4941D5739436D9544EBE08135C3C&lt;/P&gt;&lt;/Key&gt;</Value></Column><Column Name="XTouched" Display="I"><Value>I</Value></Column><Column Name="XUserInserted" Display="viadmin"><Value>viadmin</Value></Column><Column Name="XUserUpdated" Display="viadmin"><Value>viadmin</Value></Column></Columns></DbObject><DbObject Display="CCCAzSubscription.CCC_DisplayName" Version="2"><Key><Table Name="QBMCustomSQL" Display="CCCAzSubscription.CCC_DisplayName" Key="CCC-87BEAD6D0FC09BD0F4FF43E5E4829ABF"><Prop Name="UID_QBMCustomSQL"><Value>CCC-87BEAD6D0FC09BD0F4FF43E5E4829ABF</Value></Prop></Table></Key><Columns><Column Name="Remarks"><Value /></Column><Column Name="ScriptCode" Display="exec QBM_PColumnAdd 'CCCAzSubscription', 'CCC_DisplayName', 'nvarchar(1000) collate database_default NULL'"><Value>exec QBM_PColumnAdd 'CCCAzSubscription', 'CCC_DisplayName', 'nvarchar(1000) collate database_default NULL'</Value></Column><Column Name="ScriptName" Display="CCCAzSubscription.CCC_DisplayName"><Value>CCCAzSubscription.CCC_DisplayName</Value></Column><Column Name="ScriptType" Display="Column"><Value>C</Value></Column><Column Name="SortOrder" Display="0"><Value>0</Value></Column><Column Name="UID_QBMCustomSQL" Display="CCC-87BEAD6D0FC09BD0F4FF43E5E4829ABF"><Value>CCC-87BEAD6D0FC09BD0F4FF43E5E4829ABF</Value></Column><Column Name="XDateInserted" Display="1/10/2022 9:26:09 AM"><Value>2022-01-10T09:26:09.0630000Z</Value></Column><Column Name="XDateUpdated" Display="1/11/2022 10:27:52 AM"><Value>2022-01-11T10:27:52.6370000Z</Value></Column><Column Name="XObjectKey" Display="&lt;Key&gt;&lt;T&gt;QBMCustomSQL&lt;/T&gt;&lt;P&gt;CCC-87BEAD6D0FC09BD0F4FF43E5E4829ABF&lt;/P&gt;&lt;/Key&gt;"><Value>&lt;Key&gt;&lt;T&gt;QBMCustomSQL&lt;/T&gt;&lt;P&gt;CCC-87BEAD6D0FC09BD0F4FF43E5E4829ABF&lt;/P&gt;&lt;/Key&gt;</Value></Column><Column Name="XTouched" Display="I"><Value>I</Value></Column><Column Name="XUserInserted" Display="viadmin"><Value>viadmin</Value></Column><Column Name="XUserUpdated" Display="viadmin"><Value>viadmin</Value></Column></Columns></DbObject><DbObject Display="CCCAzLocation.CCC_Id" Version="2"><Key><Table Name="QBMCustomSQL" Display="CCCAzLocation.CCC_Id" Key="CCC-8B8537EAB330DDB3F0441EED6ED2D7BF"><Prop Name="UID_QBMCustomSQL"><Value>CCC-8B8537EAB330DDB3F0441EED6ED2D7BF</Value></Prop></Table></Key><Columns><Column Name="Remarks"><Value /></Column><Column Name="ScriptCode" Display="exec QBM_PColumnAdd 'CCCAzLocation', 'CCC_Id', 'nvarchar(2000) collate database_default NULL'"><Value>exec QBM_PColumnAdd 'CCCAzLocation', 'CCC_Id', 'nvarchar(2000) collate database_default NULL'</Value></Column><Column Name="ScriptName" Display="CCCAzLocation.CCC_Id"><Value>CCCAzLocation.CCC_Id</Value></Column><Column Name="ScriptType" Display="Column"><Value>C</Value></Column><Column Name="SortOrder" Display="0"><Value>0</Value></Column><Column Name="UID_QBMCustomSQL" Display="CCC-8B8537EAB330DDB3F0441EED6ED2D7BF"><Value>CCC-8B8537EAB330DDB3F0441EED6ED2D7BF</Value></Column><Column Name="XDateInserted" Display="1/10/2022 9:26:09 AM"><Value>2022-01-10T09:26:09.0530000Z</Value></Column><Column Name="XDateUpdated" Display="1/11/2022 10:27:52 AM"><Value>2022-01-11T10:27:52.6330000Z</Value></Column><Column Name="XObjectKey" Display="&lt;Key&gt;&lt;T&gt;QBMCustomSQL&lt;/T&gt;&lt;P&gt;CCC-8B8537EAB330DDB3F0441EED6ED2D7BF&lt;/P&gt;&lt;/Key&gt;"><Value>&lt;Key&gt;&lt;T&gt;QBMCustomSQL&lt;/T&gt;&lt;P&gt;CCC-8B8537EAB330DDB3F0441EED6ED2D7BF&lt;/P&gt;&lt;/Key&gt;</Value></Column><Column Name="XTouched" Display="I"><Value>I</Value></Column><Column Name="XUserInserted" Display="viadmin"><Value>viadmin</Value></Column><Column Name="XUserUpdated" Display="viadmin"><Value>viadmin</Value></Column></Columns></DbObject><DbObject Display="CCCAzResource" Version="2"><Key><Table Name="QBMCustomSQL" Display="CCCAzResource" Key="CCC-971EEB4058D84FEF395CDC891F64C930"><Prop Name="UID_QBMCustomSQL"><Value>CCC-971EEB4058D84FEF395CDC891F64C930</Value></Prop></Table></Key><Columns><Column Name="Remarks"><Value /></Column><Column Name="ScriptCode" Display=" &#xD;&#xA; if not exists (select top 1 1 from Information_schema.tables where table_name = N'CCCAzResource')&#xD;&#xA;  begin&#xD;&#xA;	Create Table CCCAzResource(&#xD;&#xA;	  UID_CCCAzResource varchar(38) collate database_default NOT NULL&#xD;&#xA;	, XDateInserted datetime NULL&#xD;&#xA;	, XDateUpdated datetime NULL&#xD;&#xA;	, XUserInserted nvarchar(64) collate database_default NULL&#xD;&#xA;	, XUserUpdated nvarchar(64) collate database_default NULL&#xD;&#xA;	, XTouched nchar(1) collate database_default NULL&#xD;&#xA;	, XObjectKey varchar(138) collate database_default NOT NULL&#xD;&#xA;	, XMarkedForDeletion int default 0 NULL&#xD;&#xA;	, CCC_RiskIndex float default (0.0000000000000000e+000) NULL&#xD;&#xA;	, CCC_UID_CCCAzLocation varchar(38) collate database_default NULL&#xD;&#xA;	, CCC_UID_CCCAzResourceGroup varchar(38) collate database_default NULL&#xD;&#xA;	, CCC_UID_CCCAzResourceType varchar(38) collate database_default NULL&#xD;&#xA;	, CCC_UID_OrgRuler varchar(38) collate database_default NULL&#xD;&#xA;	, CCC_DisplayName nvarchar(1000) collate database_default NULL&#xD;&#xA;	, CCC_Id nvarchar(2000) collate database_default NULL&#xD;&#xA;	, CCC_ResourceId nvarchar(2000) collate database_default NULL&#xD;&#xA;	, primary key CLUSTERED (UID_CCCAzResource)&#xD;&#xA;	)&#xD;&#xA;	on &quot;PRIMARY&quot;&#xD;&#xA;  end"><Value> 
 if not exists (select top 1 1 from Information_schema.tables where table_name = N'CCCAzResource')
  begin
	Create Table CCCAzResource(
	  UID_CCCAzResource varchar(38) collate database_default NOT NULL
	, XDateInserted datetime NULL
	, XDateUpdated datetime NULL
	, XUserInserted nvarchar(64) collate database_default NULL
	, XUserUpdated nvarchar(64) collate database_default NULL
	, XTouched nchar(1) collate database_default NULL
	, XObjectKey varchar(138) collate database_default NOT NULL
	, XMarkedForDeletion int default 0 NULL
	, CCC_RiskIndex float default (0.0000000000000000e+000) NULL
	, CCC_UID_CCCAzLocation varchar(38) collate database_default NULL
	, CCC_UID_CCCAzResourceGroup varchar(38) collate database_default NULL
	, CCC_UID_CCCAzResourceType varchar(38) collate database_default NULL
	, CCC_UID_OrgRuler varchar(38) collate database_default NULL
	, CCC_DisplayName nvarchar(1000) collate database_default NULL
	, CCC_Id nvarchar(2000) collate database_default NULL
	, CCC_ResourceId nvarchar(2000) collate database_default NULL
	, primary key CLUSTERED (UID_CCCAzResource)
	)
	on "PRIMARY"
  end</Value></Column><Column Name="ScriptName" Display="CCCAzResource"><Value>CCCAzResource</Value></Column><Column Name="ScriptType" Display="Table"><Value>U</Value></Column><Column Name="SortOrder" Display="0"><Value>0</Value></Column><Column Name="UID_QBMCustomSQL" Display="CCC-971EEB4058D84FEF395CDC891F64C930"><Value>CCC-971EEB4058D84FEF395CDC891F64C930</Value></Column><Column Name="XDateInserted" Display="1/10/2022 9:26:09 AM"><Value>2022-01-10T09:26:09.0370000Z</Value></Column><Column Name="XDateUpdated" Display="1/11/2022 10:27:51 AM"><Value>2022-01-11T10:27:51.9600000Z</Value></Column><Column Name="XObjectKey" Display="&lt;Key&gt;&lt;T&gt;QBMCustomSQL&lt;/T&gt;&lt;P&gt;CCC-971EEB4058D84FEF395CDC891F64C930&lt;/P&gt;&lt;/Key&gt;"><Value>&lt;Key&gt;&lt;T&gt;QBMCustomSQL&lt;/T&gt;&lt;P&gt;CCC-971EEB4058D84FEF395CDC891F64C930&lt;/P&gt;&lt;/Key&gt;</Value></Column><Column Name="XTouched" Display="I"><Value>I</Value></Column><Column Name="XUserInserted" Display="viadmin"><Value>viadmin</Value></Column><Column Name="XUserUpdated" Display="viadmin"><Value>viadmin</Value></Column></Columns></DbObject><DbObject Display="CCCAzSubscription.CCC_RiskIndex" Version="2"><Key><Table Name="QBMCustomSQL" Display="CCCAzSubscription.CCC_RiskIndex" Key="CCC-984B4CB99813A1D925BF867F9748C599"><Prop Name="UID_QBMCustomSQL"><Value>CCC-984B4CB99813A1D925BF867F9748C599</Value></Prop></Table></Key><Columns><Column Name="Remarks"><Value /></Column><Column Name="ScriptCode" Display="exec QBM_PColumnAdd 'CCCAzSubscription', 'CCC_RiskIndex', 'float default (0.0000000000000000e+000) NULL'"><Value>exec QBM_PColumnAdd 'CCCAzSubscription', 'CCC_RiskIndex', 'float default (0.0000000000000000e+000) NULL'</Value></Column><Column Name="ScriptName" Display="CCCAzSubscription.CCC_RiskIndex"><Value>CCCAzSubscription.CCC_RiskIndex</Value></Column><Column Name="ScriptType" Display="Column"><Value>C</Value></Column><Column Name="SortOrder" Display="0"><Value>0</Value></Column><Column Name="UID_QBMCustomSQL" Display="CCC-984B4CB99813A1D925BF867F9748C599"><Value>CCC-984B4CB99813A1D925BF867F9748C599</Value></Column><Column Name="XDateInserted" Display="1/10/2022 9:26:09 AM"><Value>2022-01-10T09:26:09.0630000Z</Value></Column><Column Name="XDateUpdated" Display="1/11/2022 10:27:52 AM"><Value>2022-01-11T10:27:52.6370000Z</Value></Column><Column Name="XObjectKey" Display="&lt;Key&gt;&lt;T&gt;QBMCustomSQL&lt;/T&gt;&lt;P&gt;CCC-984B4CB99813A1D925BF867F9748C599&lt;/P&gt;&lt;/Key&gt;"><Value>&lt;Key&gt;&lt;T&gt;QBMCustomSQL&lt;/T&gt;&lt;P&gt;CCC-984B4CB99813A1D925BF867F9748C599&lt;/P&gt;&lt;/Key&gt;</Value></Column><Column Name="XTouched" Display="I"><Value>I</Value></Column><Column Name="XUserInserted" Display="viadmin"><Value>viadmin</Value></Column><Column Name="XUserUpdated" Display="viadmin"><Value>viadmin</Value></Column></Columns></DbObject><DbObject Display="CCCAzMgmtGrp.CCC_ResourceId" Version="2"><Key><Table Name="QBMCustomSQL" Display="CCCAzMgmtGrp.CCC_ResourceId" Key="CCC-9FF80738AA3F54DA1F5314DD88202376"><Prop Name="UID_QBMCustomSQL"><Value>CCC-9FF80738AA3F54DA1F5314DD88202376</Value></Prop></Table></Key><Columns><Column Name="Remarks"><Value /></Column><Column Name="ScriptCode" Display="exec QBM_PColumnAdd 'CCCAzMgmtGrp', 'CCC_ResourceId', 'nvarchar(2000) collate database_default NULL'"><Value>exec QBM_PColumnAdd 'CCCAzMgmtGrp', 'CCC_ResourceId', 'nvarchar(2000) collate database_default NULL'</Value></Column><Column Name="ScriptName" Display="CCCAzMgmtGrp.CCC_ResourceId"><Value>CCCAzMgmtGrp.CCC_ResourceId</Value></Column><Column Name="ScriptType" Display="Column"><Value>C</Value></Column><Column Name="SortOrder" Display="0"><Value>0</Value></Column><Column Name="UID_QBMCustomSQL" Display="CCC-9FF80738AA3F54DA1F5314DD88202376"><Value>CCC-9FF80738AA3F54DA1F5314DD88202376</Value></Column><Column Name="XDateInserted" Display="1/10/2022 9:26:09 AM"><Value>2022-01-10T09:26:09.0800000Z</Value></Column><Column Name="XDateUpdated" Display="1/11/2022 10:27:52 AM"><Value>2022-01-11T10:27:52.1800000Z</Value></Column><Column Name="XObjectKey" Display="&lt;Key&gt;&lt;T&gt;QBMCustomSQL&lt;/T&gt;&lt;P&gt;CCC-9FF80738AA3F54DA1F5314DD88202376&lt;/P&gt;&lt;/Key&gt;"><Value>&lt;Key&gt;&lt;T&gt;QBMCustomSQL&lt;/T&gt;&lt;P&gt;CCC-9FF80738AA3F54DA1F5314DD88202376&lt;/P&gt;&lt;/Key&gt;</Value></Column><Column Name="XTouched" Display="I"><Value>I</Value></Column><Column Name="XUserInserted" Display="viadmin"><Value>viadmin</Value></Column><Column Name="XUserUpdated" Display="viadmin"><Value>viadmin</Value></Column></Columns></DbObject><DbObject Display="CCCAzLocation.CCC_ResourceId" Version="2"><Key><Table Name="QBMCustomSQL" Display="CCCAzLocation.CCC_ResourceId" Key="CCC-A22F3B0C9F75AFEEBF11D0E7C20D2091"><Prop Name="UID_QBMCustomSQL"><Value>CCC-A22F3B0C9F75AFEEBF11D0E7C20D2091</Value></Prop></Table></Key><Columns><Column Name="Remarks"><Value /></Column><Column Name="ScriptCode" Display="exec QBM_PColumnAdd 'CCCAzLocation', 'CCC_ResourceId', 'nvarchar(2000) collate database_default NULL'"><Value>exec QBM_PColumnAdd 'CCCAzLocation', 'CCC_ResourceId', 'nvarchar(2000) collate database_default NULL'</Value></Column><Column Name="ScriptName" Display="CCCAzLocation.CCC_ResourceId"><Value>CCCAzLocation.CCC_ResourceId</Value></Column><Column Name="ScriptType" Display="Column"><Value>C</Value></Column><Column Name="SortOrder" Display="0"><Value>0</Value></Column><Column Name="UID_QBMCustomSQL" Display="CCC-A22F3B0C9F75AFEEBF11D0E7C20D2091"><Value>CCC-A22F3B0C9F75AFEEBF11D0E7C20D2091</Value></Column><Column Name="XDateInserted" Display="1/10/2022 9:26:09 AM"><Value>2022-01-10T09:26:09.0530000Z</Value></Column><Column Name="XDateUpdated" Display="1/11/2022 10:27:52 AM"><Value>2022-01-11T10:27:52.6330000Z</Value></Column><Column Name="XObjectKey" Display="&lt;Key&gt;&lt;T&gt;QBMCustomSQL&lt;/T&gt;&lt;P&gt;CCC-A22F3B0C9F75AFEEBF11D0E7C20D2091&lt;/P&gt;&lt;/Key&gt;"><Value>&lt;Key&gt;&lt;T&gt;QBMCustomSQL&lt;/T&gt;&lt;P&gt;CCC-A22F3B0C9F75AFEEBF11D0E7C20D2091&lt;/P&gt;&lt;/Key&gt;</Value></Column><Column Name="XTouched" Display="I"><Value>I</Value></Column><Column Name="XUserInserted" Display="viadmin"><Value>viadmin</Value></Column><Column Name="XUserUpdated" Display="viadmin"><Value>viadmin</Value></Column></Columns></DbObject><DbObject Display="CCCAzResource.CCC_DisplayName" Version="2"><Key><Table Name="QBMCustomSQL" Display="CCCAzResource.CCC_DisplayName" Key="CCC-A500BF7D3200C570621EA42D5990319D"><Prop Name="UID_QBMCustomSQL"><Value>CCC-A500BF7D3200C570621EA42D5990319D</Value></Prop></Table></Key><Columns><Column Name="Remarks"><Value /></Column><Column Name="ScriptCode" Display="exec QBM_PColumnAdd 'CCCAzResource', 'CCC_DisplayName', 'nvarchar(1000) collate database_default NULL'"><Value>exec QBM_PColumnAdd 'CCCAzResource', 'CCC_DisplayName', 'nvarchar(1000) collate database_default NULL'</Value></Column><Column Name="ScriptName" Display="CCCAzResource.CCC_DisplayName"><Value>CCCAzResource.CCC_DisplayName</Value></Column><Column Name="ScriptType" Display="Column"><Value>C</Value></Column><Column Name="SortOrder" Display="0"><Value>0</Value></Column><Column Name="UID_QBMCustomSQL" Display="CCC-A500BF7D3200C570621EA42D5990319D"><Value>CCC-A500BF7D3200C570621EA42D5990319D</Value></Column><Column Name="XDateInserted" Display="1/10/2022 9:26:09 AM"><Value>2022-01-10T09:26:09.0370000Z</Value></Column><Column Name="XDateUpdated" Display="1/11/2022 10:27:51 AM"><Value>2022-01-11T10:27:51.9600000Z</Value></Column><Column Name="XObjectKey" Display="&lt;Key&gt;&lt;T&gt;QBMCustomSQL&lt;/T&gt;&lt;P&gt;CCC-A500BF7D3200C570621EA42D5990319D&lt;/P&gt;&lt;/Key&gt;"><Value>&lt;Key&gt;&lt;T&gt;QBMCustomSQL&lt;/T&gt;&lt;P&gt;CCC-A500BF7D3200C570621EA42D5990319D&lt;/P&gt;&lt;/Key&gt;</Value></Column><Column Name="XTouched" Display="I"><Value>I</Value></Column><Column Name="XUserInserted" Display="viadmin"><Value>viadmin</Value></Column><Column Name="XUserUpdated" Display="viadmin"><Value>viadmin</Value></Column></Columns></DbObject><DbObject Display="CCCAzResourceType" Version="2"><Key><Table Name="QBMCustomSQL" Display="CCCAzResourceType" Key="CCC-A8444F415D248DA478615C04E1C9E9D3"><Prop Name="UID_QBMCustomSQL"><Value>CCC-A8444F415D248DA478615C04E1C9E9D3</Value></Prop></Table></Key><Columns><Column Name="Remarks"><Value /></Column><Column Name="ScriptCode" Display=" &#xD;&#xA; if not exists (select top 1 1 from Information_schema.tables where table_name = N'CCCAzResourceType')&#xD;&#xA;  begin&#xD;&#xA;	Create Table CCCAzResourceType(&#xD;&#xA;	  UID_CCCAzResourceType varchar(38) collate database_default NOT NULL&#xD;&#xA;	, XDateInserted datetime NULL&#xD;&#xA;	, XDateUpdated datetime NULL&#xD;&#xA;	, XUserInserted nvarchar(64) collate database_default NULL&#xD;&#xA;	, XUserUpdated nvarchar(64) collate database_default NULL&#xD;&#xA;	, XTouched nchar(1) collate database_default NULL&#xD;&#xA;	, XObjectKey varchar(138) collate database_default NOT NULL&#xD;&#xA;	, XMarkedForDeletion int default 0 NULL&#xD;&#xA;	, CCC_UID_AADOrganization varchar(38) collate database_default NULL&#xD;&#xA;	, CCC_ResourceId nvarchar(2000) collate database_default NULL&#xD;&#xA;	, CCC_Id nvarchar(2000) collate database_default NULL&#xD;&#xA;	, CCC_DisplayName nvarchar(1000) collate database_default NULL&#xD;&#xA;	, primary key CLUSTERED (UID_CCCAzResourceType)&#xD;&#xA;	)&#xD;&#xA;	on &quot;PRIMARY&quot;&#xD;&#xA;  end"><Value> 
 if not exists (select top 1 1 from Information_schema.tables where table_name = N'CCCAzResourceType')
  begin
	Create Table CCCAzResourceType(
	  UID_CCCAzResourceType varchar(38) collate database_default NOT NULL
	, XDateInserted datetime NULL
	, XDateUpdated datetime NULL
	, XUserInserted nvarchar(64) collate database_default NULL
	, XUserUpdated nvarchar(64) collate database_default NULL
	, XTouched nchar(1) collate database_default NULL
	, XObjectKey varchar(138) collate database_default NOT NULL
	, XMarkedForDeletion int default 0 NULL
	, CCC_UID_AADOrganization varchar(38) collate database_default NULL
	, CCC_ResourceId nvarchar(2000) collate database_default NULL
	, CCC_Id nvarchar(2000) collate database_default NULL
	, CCC_DisplayName nvarchar(1000) collate database_default NULL
	, primary key CLUSTERED (UID_CCCAzResourceType)
	)
	on "PRIMARY"
  end</Value></Column><Column Name="ScriptName" Display="CCCAzResourceType"><Value>CCCAzResourceType</Value></Column><Column Name="ScriptType" Display="Table"><Value>U</Value></Column><Column Name="SortOrder" Display="0"><Value>0</Value></Column><Column Name="UID_QBMCustomSQL" Display="CCC-A8444F415D248DA478615C04E1C9E9D3"><Value>CCC-A8444F415D248DA478615C04E1C9E9D3</Value></Column><Column Name="XDateInserted" Display="1/10/2022 9:26:09 AM"><Value>2022-01-10T09:26:09.0470000Z</Value></Column><Column Name="XDateUpdated" Display="1/11/2022 10:27:55 AM"><Value>2022-01-11T10:27:55.9430000Z</Value></Column><Column Name="XObjectKey" Display="&lt;Key&gt;&lt;T&gt;QBMCustomSQL&lt;/T&gt;&lt;P&gt;CCC-A8444F415D248DA478615C04E1C9E9D3&lt;/P&gt;&lt;/Key&gt;"><Value>&lt;Key&gt;&lt;T&gt;QBMCustomSQL&lt;/T&gt;&lt;P&gt;CCC-A8444F415D248DA478615C04E1C9E9D3&lt;/P&gt;&lt;/Key&gt;</Value></Column><Column Name="XTouched" Display="I"><Value>I</Value></Column><Column Name="XUserInserted" Display="viadmin"><Value>viadmin</Value></Column><Column Name="XUserUpdated" Display="viadmin"><Value>viadmin</Value></Column></Columns></DbObject><DbObject Display="CCCAzMgmtGrp.CCC_RiskIndex" Version="2"><Key><Table Name="QBMCustomSQL" Display="CCCAzMgmtGrp.CCC_RiskIndex" Key="CCC-BE2D10D2872C313184BAF22CA1FA2645"><Prop Name="UID_QBMCustomSQL"><Value>CCC-BE2D10D2872C313184BAF22CA1FA2645</Value></Prop></Table></Key><Columns><Column Name="Remarks"><Value /></Column><Column Name="ScriptCode" Display="exec QBM_PColumnAdd 'CCCAzMgmtGrp', 'CCC_RiskIndex', 'float default (0.0000000000000000e+000) NULL'"><Value>exec QBM_PColumnAdd 'CCCAzMgmtGrp', 'CCC_RiskIndex', 'float default (0.0000000000000000e+000) NULL'</Value></Column><Column Name="ScriptName" Display="CCCAzMgmtGrp.CCC_RiskIndex"><Value>CCCAzMgmtGrp.CCC_RiskIndex</Value></Column><Column Name="ScriptType" Display="Column"><Value>C</Value></Column><Column Name="SortOrder" Display="0"><Value>0</Value></Column><Column Name="UID_QBMCustomSQL" Display="CCC-BE2D10D2872C313184BAF22CA1FA2645"><Value>CCC-BE2D10D2872C313184BAF22CA1FA2645</Value></Column><Column Name="XDateInserted" Display="1/10/2022 9:26:09 AM"><Value>2022-01-10T09:26:09.0800000Z</Value></Column><Column Name="XDateUpdated" Display="1/11/2022 10:27:52 AM"><Value>2022-01-11T10:27:52.1800000Z</Value></Column><Column Name="XObjectKey" Display="&lt;Key&gt;&lt;T&gt;QBMCustomSQL&lt;/T&gt;&lt;P&gt;CCC-BE2D10D2872C313184BAF22CA1FA2645&lt;/P&gt;&lt;/Key&gt;"><Value>&lt;Key&gt;&lt;T&gt;QBMCustomSQL&lt;/T&gt;&lt;P&gt;CCC-BE2D10D2872C313184BAF22CA1FA2645&lt;/P&gt;&lt;/Key&gt;</Value></Column><Column Name="XTouched" Display="I"><Value>I</Value></Column><Column Name="XUserInserted" Display="viadmin"><Value>viadmin</Value></Column><Column Name="XUserUpdated" Display="viadmin"><Value>viadmin</Value></Column></Columns></DbObject><DbObject Display="CCCAzLocation" Version="2"><Key><Table Name="QBMCustomSQL" Display="CCCAzLocation" Key="CCC-BFDCA6334AD0A74237ADD217BCB459BF"><Prop Name="UID_QBMCustomSQL"><Value>CCC-BFDCA6334AD0A74237ADD217BCB459BF</Value></Prop></Table></Key><Columns><Column Name="Remarks"><Value /></Column><Column Name="ScriptCode" Display=" &#xD;&#xA; if not exists (select top 1 1 from Information_schema.tables where table_name = N'CCCAzLocation')&#xD;&#xA;  begin&#xD;&#xA;	Create Table CCCAzLocation(&#xD;&#xA;	  UID_CCCAzLocation varchar(38) collate database_default NOT NULL&#xD;&#xA;	, XDateInserted datetime NULL&#xD;&#xA;	, XDateUpdated datetime NULL&#xD;&#xA;	, XUserInserted nvarchar(64) collate database_default NULL&#xD;&#xA;	, XUserUpdated nvarchar(64) collate database_default NULL&#xD;&#xA;	, XTouched nchar(1) collate database_default NULL&#xD;&#xA;	, XObjectKey varchar(138) collate database_default NOT NULL&#xD;&#xA;	, XMarkedForDeletion int default 0 NULL&#xD;&#xA;	, CCC_UID_AADOrganization varchar(38) collate database_default NULL&#xD;&#xA;	, CCC_RegionalResourceName nvarchar(1000) collate database_default NULL&#xD;&#xA;	, CCC_Name nvarchar(1000) collate database_default NULL&#xD;&#xA;	, CCC_Id nvarchar(2000) collate database_default NULL&#xD;&#xA;	, CCC_ResourceId nvarchar(2000) collate database_default NULL&#xD;&#xA;	, CCC_DisplayName nvarchar(1000) collate database_default NULL&#xD;&#xA;	, primary key CLUSTERED (UID_CCCAzLocation)&#xD;&#xA;	)&#xD;&#xA;	on &quot;PRIMARY&quot;&#xD;&#xA;  end"><Value> 
 if not exists (select top 1 1 from Information_schema.tables where table_name = N'CCCAzLocation')
  begin
	Create Table CCCAzLocation(
	  UID_CCCAzLocation varchar(38) collate database_default NOT NULL
	, XDateInserted datetime NULL
	, XDateUpdated datetime NULL
	, XUserInserted nvarchar(64) collate database_default NULL
	, XUserUpdated nvarchar(64) collate database_default NULL
	, XTouched nchar(1) collate database_default NULL
	, XObjectKey varchar(138) collate database_default NOT NULL
	, XMarkedForDeletion int default 0 NULL
	, CCC_UID_AADOrganization varchar(38) collate database_default NULL
	, CCC_RegionalResourceName nvarchar(1000) collate database_default NULL
	, CCC_Name nvarchar(1000) collate database_default NULL
	, CCC_Id nvarchar(2000) collate database_default NULL
	, CCC_ResourceId nvarchar(2000) collate database_default NULL
	, CCC_DisplayName nvarchar(1000) collate database_default NULL
	, primary key CLUSTERED (UID_CCCAzLocation)
	)
	on "PRIMARY"
  end</Value></Column><Column Name="ScriptName" Display="CCCAzLocation"><Value>CCCAzLocation</Value></Column><Column Name="ScriptType" Display="Table"><Value>U</Value></Column><Column Name="SortOrder" Display="0"><Value>0</Value></Column><Column Name="UID_QBMCustomSQL" Display="CCC-BFDCA6334AD0A74237ADD217BCB459BF"><Value>CCC-BFDCA6334AD0A74237ADD217BCB459BF</Value></Column><Column Name="XDateInserted" Display="1/10/2022 9:26:09 AM"><Value>2022-01-10T09:26:09.0530000Z</Value></Column><Column Name="XDateUpdated" Display="1/11/2022 10:27:52 AM"><Value>2022-01-11T10:27:52.6330000Z</Value></Column><Column Name="XObjectKey" Display="&lt;Key&gt;&lt;T&gt;QBMCustomSQL&lt;/T&gt;&lt;P&gt;CCC-BFDCA6334AD0A74237ADD217BCB459BF&lt;/P&gt;&lt;/Key&gt;"><Value>&lt;Key&gt;&lt;T&gt;QBMCustomSQL&lt;/T&gt;&lt;P&gt;CCC-BFDCA6334AD0A74237ADD217BCB459BF&lt;/P&gt;&lt;/Key&gt;</Value></Column><Column Name="XTouched" Display="I"><Value>I</Value></Column><Column Name="XUserInserted" Display="viadmin"><Value>viadmin</Value></Column><Column Name="XUserUpdated" Display="viadmin"><Value>viadmin</Value></Column></Columns></DbObject><DbObject Display="CCCAzSubscription" Version="2"><Key><Table Name="QBMCustomSQL" Display="CCCAzSubscription" Key="CCC-C11D8CFB45E83DA592F4E958E4B5EC54"><Prop Name="UID_QBMCustomSQL"><Value>CCC-C11D8CFB45E83DA592F4E958E4B5EC54</Value></Prop></Table></Key><Columns><Column Name="Remarks"><Value /></Column><Column Name="ScriptCode" Display=" &#xD;&#xA; if not exists (select top 1 1 from Information_schema.tables where table_name = N'CCCAzSubscription')&#xD;&#xA;  begin&#xD;&#xA;	Create Table CCCAzSubscription(&#xD;&#xA;	  UID_CCCAzSubscription varchar(38) collate database_default NOT NULL&#xD;&#xA;	, XDateInserted datetime NULL&#xD;&#xA;	, XDateUpdated datetime NULL&#xD;&#xA;	, XUserInserted nvarchar(64) collate database_default NULL&#xD;&#xA;	, XUserUpdated nvarchar(64) collate database_default NULL&#xD;&#xA;	, XTouched nchar(1) collate database_default NULL&#xD;&#xA;	, XObjectKey varchar(138) collate database_default NOT NULL&#xD;&#xA;	, XMarkedForDeletion int default 0 NULL&#xD;&#xA;	, CCC_State nvarchar(64) collate database_default NULL&#xD;&#xA;	, CCC_UID_CCCAzMgmtGrp varchar(38) collate database_default NULL&#xD;&#xA;	, CCC_UID_OrgRuler varchar(38) collate database_default NULL&#xD;&#xA;	, CCC_SubscriptionId nvarchar(64) collate database_default NULL&#xD;&#xA;	, CCC_DisplayName nvarchar(1000) collate database_default NULL&#xD;&#xA;	, CCC_RiskIndex float default (0.0000000000000000e+000) NULL&#xD;&#xA;	, CCC_Id nvarchar(2000) collate database_default NULL&#xD;&#xA;	, CCC_ResourceId nvarchar(2000) collate database_default NULL&#xD;&#xA;	, primary key CLUSTERED (UID_CCCAzSubscription)&#xD;&#xA;	)&#xD;&#xA;	on &quot;PRIMARY&quot;&#xD;&#xA;  end"><Value> 
 if not exists (select top 1 1 from Information_schema.tables where table_name = N'CCCAzSubscription')
  begin
	Create Table CCCAzSubscription(
	  UID_CCCAzSubscription varchar(38) collate database_default NOT NULL
	, XDateInserted datetime NULL
	, XDateUpdated datetime NULL
	, XUserInserted nvarchar(64) collate database_default NULL
	, XUserUpdated nvarchar(64) collate database_default NULL
	, XTouched nchar(1) collate database_default NULL
	, XObjectKey varchar(138) collate database_default NOT NULL
	, XMarkedForDeletion int default 0 NULL
	, CCC_State nvarchar(64) collate database_default NULL
	, CCC_UID_CCCAzMgmtGrp varchar(38) collate database_default NULL
	, CCC_UID_OrgRuler varchar(38) collate database_default NULL
	, CCC_SubscriptionId nvarchar(64) collate database_default NULL
	, CCC_DisplayName nvarchar(1000) collate database_default NULL
	, CCC_RiskIndex float default (0.0000000000000000e+000) NULL
	, CCC_Id nvarchar(2000) collate database_default NULL
	, CCC_ResourceId nvarchar(2000) collate database_default NULL
	, primary key CLUSTERED (UID_CCCAzSubscription)
	)
	on "PRIMARY"
  end</Value></Column><Column Name="ScriptName" Display="CCCAzSubscription"><Value>CCCAzSubscription</Value></Column><Column Name="ScriptType" Display="Table"><Value>U</Value></Column><Column Name="SortOrder" Display="0"><Value>0</Value></Column><Column Name="UID_QBMCustomSQL" Display="CCC-C11D8CFB45E83DA592F4E958E4B5EC54"><Value>CCC-C11D8CFB45E83DA592F4E958E4B5EC54</Value></Column><Column Name="XDateInserted" Display="1/10/2022 9:26:09 AM"><Value>2022-01-10T09:26:09.0630000Z</Value></Column><Column Name="XDateUpdated" Display="1/11/2022 10:27:52 AM"><Value>2022-01-11T10:27:52.6370000Z</Value></Column><Column Name="XObjectKey" Display="&lt;Key&gt;&lt;T&gt;QBMCustomSQL&lt;/T&gt;&lt;P&gt;CCC-C11D8CFB45E83DA592F4E958E4B5EC54&lt;/P&gt;&lt;/Key&gt;"><Value>&lt;Key&gt;&lt;T&gt;QBMCustomSQL&lt;/T&gt;&lt;P&gt;CCC-C11D8CFB45E83DA592F4E958E4B5EC54&lt;/P&gt;&lt;/Key&gt;</Value></Column><Column Name="XTouched" Display="I"><Value>I</Value></Column><Column Name="XUserInserted" Display="viadmin"><Value>viadmin</Value></Column><Column Name="XUserUpdated" Display="viadmin"><Value>viadmin</Value></Column></Columns></DbObject><DbObject Display="CCCAzResourceGroup.CCC_DisplayName" Version="2"><Key><Table Name="QBMCustomSQL" Display="CCCAzResourceGroup.CCC_DisplayName" Key="CCC-C8067FBE49271FA556DD229B832B5C26"><Prop Name="UID_QBMCustomSQL"><Value>CCC-C8067FBE49271FA556DD229B832B5C26</Value></Prop></Table></Key><Columns><Column Name="Remarks"><Value /></Column><Column Name="ScriptCode" Display="exec QBM_PColumnAdd 'CCCAzResourceGroup', 'CCC_DisplayName', 'nvarchar(1000) collate database_default NULL'"><Value>exec QBM_PColumnAdd 'CCCAzResourceGroup', 'CCC_DisplayName', 'nvarchar(1000) collate database_default NULL'</Value></Column><Column Name="ScriptName" Display="CCCAzResourceGroup.CCC_DisplayName"><Value>CCCAzResourceGroup.CCC_DisplayName</Value></Column><Column Name="ScriptType" Display="Column"><Value>C</Value></Column><Column Name="SortOrder" Display="0"><Value>0</Value></Column><Column Name="UID_QBMCustomSQL" Display="CCC-C8067FBE49271FA556DD229B832B5C26"><Value>CCC-C8067FBE49271FA556DD229B832B5C26</Value></Column><Column Name="XDateInserted" Display="1/10/2022 9:26:09 AM"><Value>2022-01-10T09:26:09.0730000Z</Value></Column><Column Name="XDateUpdated" Display="1/11/2022 10:27:52 AM"><Value>2022-01-11T10:27:52.6370000Z</Value></Column><Column Name="XObjectKey" Display="&lt;Key&gt;&lt;T&gt;QBMCustomSQL&lt;/T&gt;&lt;P&gt;CCC-C8067FBE49271FA556DD229B832B5C26&lt;/P&gt;&lt;/Key&gt;"><Value>&lt;Key&gt;&lt;T&gt;QBMCustomSQL&lt;/T&gt;&lt;P&gt;CCC-C8067FBE49271FA556DD229B832B5C26&lt;/P&gt;&lt;/Key&gt;</Value></Column><Column Name="XTouched" Display="I"><Value>I</Value></Column><Column Name="XUserInserted" Display="viadmin"><Value>viadmin</Value></Column><Column Name="XUserUpdated" Display="viadmin"><Value>viadmin</Value></Column></Columns></DbObject><DbObject Display="CCCAzRole.CCC_DisplayName" Version="2"><Key><Table Name="QBMCustomSQL" Display="CCCAzRole.CCC_DisplayName" Key="CCC-CD97C27C2E8AAD2F0A27351C1CD33A82"><Prop Name="UID_QBMCustomSQL"><Value>CCC-CD97C27C2E8AAD2F0A27351C1CD33A82</Value></Prop></Table></Key><Columns><Column Name="Remarks"><Value /></Column><Column Name="ScriptCode" Display="exec QBM_PColumnAdd 'CCCAzRole', 'CCC_DisplayName', 'nvarchar(1000) collate database_default NULL'"><Value>exec QBM_PColumnAdd 'CCCAzRole', 'CCC_DisplayName', 'nvarchar(1000) collate database_default NULL'</Value></Column><Column Name="ScriptName" Display="CCCAzRole.CCC_DisplayName"><Value>CCCAzRole.CCC_DisplayName</Value></Column><Column Name="ScriptType" Display="Column"><Value>C</Value></Column><Column Name="SortOrder" Display="0"><Value>0</Value></Column><Column Name="UID_QBMCustomSQL" Display="CCC-CD97C27C2E8AAD2F0A27351C1CD33A82"><Value>CCC-CD97C27C2E8AAD2F0A27351C1CD33A82</Value></Column><Column Name="XDateInserted" Display="1/10/2022 9:26:08 AM"><Value>2022-01-10T09:26:08.8270000Z</Value></Column><Column Name="XDateUpdated" Display="1/11/2022 10:27:52 AM"><Value>2022-01-11T10:27:52.4300000Z</Value></Column><Column Name="XObjectKey" Display="&lt;Key&gt;&lt;T&gt;QBMCustomSQL&lt;/T&gt;&lt;P&gt;CCC-CD97C27C2E8AAD2F0A27351C1CD33A82&lt;/P&gt;&lt;/Key&gt;"><Value>&lt;Key&gt;&lt;T&gt;QBMCustomSQL&lt;/T&gt;&lt;P&gt;CCC-CD97C27C2E8AAD2F0A27351C1CD33A82&lt;/P&gt;&lt;/Key&gt;</Value></Column><Column Name="XTouched" Display="I"><Value>I</Value></Column><Column Name="XUserInserted" Display="viadmin"><Value>viadmin</Value></Column><Column Name="XUserUpdated" Display="viadmin"><Value>viadmin</Value></Column></Columns></DbObject><DbObject Display="CCCAzSubscription.CCC_ResourceId" Version="2"><Key><Table Name="QBMCustomSQL" Display="CCCAzSubscription.CCC_ResourceId" Key="CCC-DC9FF3F91FA550F827702693A56110D8"><Prop Name="UID_QBMCustomSQL"><Value>CCC-DC9FF3F91FA550F827702693A56110D8</Value></Prop></Table></Key><Columns><Column Name="Remarks"><Value /></Column><Column Name="ScriptCode" Display="exec QBM_PColumnAdd 'CCCAzSubscription', 'CCC_ResourceId', 'nvarchar(2000) collate database_default NULL'"><Value>exec QBM_PColumnAdd 'CCCAzSubscription', 'CCC_ResourceId', 'nvarchar(2000) collate database_default NULL'</Value></Column><Column Name="ScriptName" Display="CCCAzSubscription.CCC_ResourceId"><Value>CCCAzSubscription.CCC_ResourceId</Value></Column><Column Name="ScriptType" Display="Column"><Value>C</Value></Column><Column Name="SortOrder" Display="0"><Value>0</Value></Column><Column Name="UID_QBMCustomSQL" Display="CCC-DC9FF3F91FA550F827702693A56110D8"><Value>CCC-DC9FF3F91FA550F827702693A56110D8</Value></Column><Column Name="XDateInserted" Display="1/10/2022 9:26:09 AM"><Value>2022-01-10T09:26:09.0630000Z</Value></Column><Column Name="XDateUpdated" Display="1/11/2022 10:27:52 AM"><Value>2022-01-11T10:27:52.6370000Z</Value></Column><Column Name="XObjectKey" Display="&lt;Key&gt;&lt;T&gt;QBMCustomSQL&lt;/T&gt;&lt;P&gt;CCC-DC9FF3F91FA550F827702693A56110D8&lt;/P&gt;&lt;/Key&gt;"><Value>&lt;Key&gt;&lt;T&gt;QBMCustomSQL&lt;/T&gt;&lt;P&gt;CCC-DC9FF3F91FA550F827702693A56110D8&lt;/P&gt;&lt;/Key&gt;</Value></Column><Column Name="XTouched" Display="I"><Value>I</Value></Column><Column Name="XUserInserted" Display="viadmin"><Value>viadmin</Value></Column><Column Name="XUserUpdated" Display="viadmin"><Value>viadmin</Value></Column></Columns></DbObject><DbObject Display="CCCAzResourceGroup" Version="2"><Key><Table Name="QBMCustomSQL" Display="CCCAzResourceGroup" Key="CCC-E27D08EB0F5D6457C381A51B6F761A64"><Prop Name="UID_QBMCustomSQL"><Value>CCC-E27D08EB0F5D6457C381A51B6F761A64</Value></Prop></Table></Key><Columns><Column Name="Remarks"><Value /></Column><Column Name="ScriptCode" Display=" &#xD;&#xA; if not exists (select top 1 1 from Information_schema.tables where table_name = N'CCCAzResourceGroup')&#xD;&#xA;  begin&#xD;&#xA;	Create Table CCCAzResourceGroup(&#xD;&#xA;	  UID_CCCAzResourceGroup varchar(38) collate database_default NOT NULL&#xD;&#xA;	, XDateInserted datetime NULL&#xD;&#xA;	, XDateUpdated datetime NULL&#xD;&#xA;	, XUserInserted nvarchar(64) collate database_default NULL&#xD;&#xA;	, XUserUpdated nvarchar(64) collate database_default NULL&#xD;&#xA;	, XTouched nchar(1) collate database_default NULL&#xD;&#xA;	, XObjectKey varchar(138) collate database_default NOT NULL&#xD;&#xA;	, XMarkedForDeletion int default 0 NULL&#xD;&#xA;	, CCC_ProvisioningState nvarchar(64) collate database_default NULL&#xD;&#xA;	, CCC_UID_CCCAzLocation varchar(38) collate database_default NULL&#xD;&#xA;	, CCC_UID_CCCAzSubscription varchar(38) collate database_default NULL&#xD;&#xA;	, CCC_UID_OrgRuler varchar(38) collate database_default NULL&#xD;&#xA;	, CCC_RiskIndex float default (0.0000000000000000e+000) NULL&#xD;&#xA;	, CCC_DisplayName nvarchar(1000) collate database_default NULL&#xD;&#xA;	, CCC_Id nvarchar(2000) collate database_default NULL&#xD;&#xA;	, CCC_ResourceId nvarchar(2000) collate database_default NULL&#xD;&#xA;	, primary key CLUSTERED (UID_CCCAzResourceGroup)&#xD;&#xA;	)&#xD;&#xA;	on &quot;PRIMARY&quot;&#xD;&#xA;  end"><Value> 
 if not exists (select top 1 1 from Information_schema.tables where table_name = N'CCCAzResourceGroup')
  begin
	Create Table CCCAzResourceGroup(
	  UID_CCCAzResourceGroup varchar(38) collate database_default NOT NULL
	, XDateInserted datetime NULL
	, XDateUpdated datetime NULL
	, XUserInserted nvarchar(64) collate database_default NULL
	, XUserUpdated nvarchar(64) collate database_default NULL
	, XTouched nchar(1) collate database_default NULL
	, XObjectKey varchar(138) collate database_default NOT NULL
	, XMarkedForDeletion int default 0 NULL
	, CCC_ProvisioningState nvarchar(64) collate database_default NULL
	, CCC_UID_CCCAzLocation varchar(38) collate database_default NULL
	, CCC_UID_CCCAzSubscription varchar(38) collate database_default NULL
	, CCC_UID_OrgRuler varchar(38) collate database_default NULL
	, CCC_RiskIndex float default (0.0000000000000000e+000) NULL
	, CCC_DisplayName nvarchar(1000) collate database_default NULL
	, CCC_Id nvarchar(2000) collate database_default NULL
	, CCC_ResourceId nvarchar(2000) collate database_default NULL
	, primary key CLUSTERED (UID_CCCAzResourceGroup)
	)
	on "PRIMARY"
  end</Value></Column><Column Name="ScriptName" Display="CCCAzResourceGroup"><Value>CCCAzResourceGroup</Value></Column><Column Name="ScriptType" Display="Table"><Value>U</Value></Column><Column Name="SortOrder" Display="0"><Value>0</Value></Column><Column Name="UID_QBMCustomSQL" Display="CCC-E27D08EB0F5D6457C381A51B6F761A64"><Value>CCC-E27D08EB0F5D6457C381A51B6F761A64</Value></Column><Column Name="XDateInserted" Display="1/10/2022 9:26:09 AM"><Value>2022-01-10T09:26:09.0730000Z</Value></Column><Column Name="XDateUpdated" Display="1/11/2022 10:27:52 AM"><Value>2022-01-11T10:27:52.6370000Z</Value></Column><Column Name="XObjectKey" Display="&lt;Key&gt;&lt;T&gt;QBMCustomSQL&lt;/T&gt;&lt;P&gt;CCC-E27D08EB0F5D6457C381A51B6F761A64&lt;/P&gt;&lt;/Key&gt;"><Value>&lt;Key&gt;&lt;T&gt;QBMCustomSQL&lt;/T&gt;&lt;P&gt;CCC-E27D08EB0F5D6457C381A51B6F761A64&lt;/P&gt;&lt;/Key&gt;</Value></Column><Column Name="XTouched" Display="I"><Value>I</Value></Column><Column Name="XUserInserted" Display="viadmin"><Value>viadmin</Value></Column><Column Name="XUserUpdated" Display="viadmin"><Value>viadmin</Value></Column></Columns></DbObject><DbObject Display="CCCAzRoleAssignment.CCC_Id" Version="2"><Key><Table Name="QBMCustomSQL" Display="CCCAzRoleAssignment.CCC_Id" Key="CCC-E2AD4766ADB502CED08B0B6B6124938E"><Prop Name="UID_QBMCustomSQL"><Value>CCC-E2AD4766ADB502CED08B0B6B6124938E</Value></Prop></Table></Key><Columns><Column Name="Remarks"><Value /></Column><Column Name="ScriptCode" Display="exec QBM_PColumnAdd 'CCCAzRoleAssignment', 'CCC_Id', 'nvarchar(2000) collate database_default NULL'"><Value>exec QBM_PColumnAdd 'CCCAzRoleAssignment', 'CCC_Id', 'nvarchar(2000) collate database_default NULL'</Value></Column><Column Name="ScriptName" Display="CCCAzRoleAssignment.CCC_Id"><Value>CCCAzRoleAssignment.CCC_Id</Value></Column><Column Name="ScriptType" Display="Column"><Value>C</Value></Column><Column Name="SortOrder" Display="0"><Value>0</Value></Column><Column Name="UID_QBMCustomSQL" Display="CCC-E2AD4766ADB502CED08B0B6B6124938E"><Value>CCC-E2AD4766ADB502CED08B0B6B6124938E</Value></Column><Column Name="XDateInserted" Display="1/10/2022 9:26:09 AM"><Value>2022-01-10T09:26:09.0230000Z</Value></Column><Column Name="XDateUpdated" Display="1/11/2022 10:27:55 AM"><Value>2022-01-11T10:27:55.9470000Z</Value></Column><Column Name="XObjectKey" Display="&lt;Key&gt;&lt;T&gt;QBMCustomSQL&lt;/T&gt;&lt;P&gt;CCC-E2AD4766ADB502CED08B0B6B6124938E&lt;/P&gt;&lt;/Key&gt;"><Value>&lt;Key&gt;&lt;T&gt;QBMCustomSQL&lt;/T&gt;&lt;P&gt;CCC-E2AD4766ADB502CED08B0B6B6124938E&lt;/P&gt;&lt;/Key&gt;</Value></Column><Column Name="XTouched" Display="I"><Value>I</Value></Column><Column Name="XUserInserted" Display="viadmin"><Value>viadmin</Value></Column><Column Name="XUserUpdated" Display="viadmin"><Value>viadmin</Value></Column></Columns></DbObject><DbObject Display="CCCAzMgmtGrp.CCC_Id" Version="2"><Key><Table Name="QBMCustomSQL" Display="CCCAzMgmtGrp.CCC_Id" Key="CCC-E4014E1DBCB818FCB4B2A90B179AB376"><Prop Name="UID_QBMCustomSQL"><Value>CCC-E4014E1DBCB818FCB4B2A90B179AB376</Value></Prop></Table></Key><Columns><Column Name="Remarks"><Value /></Column><Column Name="ScriptCode" Display="exec QBM_PColumnAdd 'CCCAzMgmtGrp', 'CCC_Id', 'nvarchar(2000) collate database_default NULL'"><Value>exec QBM_PColumnAdd 'CCCAzMgmtGrp', 'CCC_Id', 'nvarchar(2000) collate database_default NULL'</Value></Column><Column Name="ScriptName" Display="CCCAzMgmtGrp.CCC_Id"><Value>CCCAzMgmtGrp.CCC_Id</Value></Column><Column Name="ScriptType" Display="Column"><Value>C</Value></Column><Column Name="SortOrder" Display="0"><Value>0</Value></Column><Column Name="UID_QBMCustomSQL" Display="CCC-E4014E1DBCB818FCB4B2A90B179AB376"><Value>CCC-E4014E1DBCB818FCB4B2A90B179AB376</Value></Column><Column Name="XDateInserted" Display="1/10/2022 9:26:09 AM"><Value>2022-01-10T09:26:09.0800000Z</Value></Column><Column Name="XDateUpdated" Display="1/11/2022 10:27:52 AM"><Value>2022-01-11T10:27:52.1800000Z</Value></Column><Column Name="XObjectKey" Display="&lt;Key&gt;&lt;T&gt;QBMCustomSQL&lt;/T&gt;&lt;P&gt;CCC-E4014E1DBCB818FCB4B2A90B179AB376&lt;/P&gt;&lt;/Key&gt;"><Value>&lt;Key&gt;&lt;T&gt;QBMCustomSQL&lt;/T&gt;&lt;P&gt;CCC-E4014E1DBCB818FCB4B2A90B179AB376&lt;/P&gt;&lt;/Key&gt;</Value></Column><Column Name="XTouched" Display="I"><Value>I</Value></Column><Column Name="XUserInserted" Display="viadmin"><Value>viadmin</Value></Column><Column Name="XUserUpdated" Display="viadmin"><Value>viadmin</Value></Column></Columns></DbObject><DbObject Display="CCCAzMgmtGrp.CCC_DisplayName" Version="2"><Key><Table Name="QBMCustomSQL" Display="CCCAzMgmtGrp.CCC_DisplayName" Key="CCC-EBAADEF6839E1BD1B37A221EF0A1EB37"><Prop Name="UID_QBMCustomSQL"><Value>CCC-EBAADEF6839E1BD1B37A221EF0A1EB37</Value></Prop></Table></Key><Columns><Column Name="Remarks"><Value /></Column><Column Name="ScriptCode" Display="exec QBM_PColumnAdd 'CCCAzMgmtGrp', 'CCC_DisplayName', 'nvarchar(1000) collate database_default NULL'"><Value>exec QBM_PColumnAdd 'CCCAzMgmtGrp', 'CCC_DisplayName', 'nvarchar(1000) collate database_default NULL'</Value></Column><Column Name="ScriptName" Display="CCCAzMgmtGrp.CCC_DisplayName"><Value>CCCAzMgmtGrp.CCC_DisplayName</Value></Column><Column Name="ScriptType" Display="Column"><Value>C</Value></Column><Column Name="SortOrder" Display="0"><Value>0</Value></Column><Column Name="UID_QBMCustomSQL" Display="CCC-EBAADEF6839E1BD1B37A221EF0A1EB37"><Value>CCC-EBAADEF6839E1BD1B37A221EF0A1EB37</Value></Column><Column Name="XDateInserted" Display="1/10/2022 9:26:09 AM"><Value>2022-01-10T09:26:09.0800000Z</Value></Column><Column Name="XDateUpdated" Display="1/11/2022 10:27:52 AM"><Value>2022-01-11T10:27:52.1800000Z</Value></Column><Column Name="XObjectKey" Display="&lt;Key&gt;&lt;T&gt;QBMCustomSQL&lt;/T&gt;&lt;P&gt;CCC-EBAADEF6839E1BD1B37A221EF0A1EB37&lt;/P&gt;&lt;/Key&gt;"><Value>&lt;Key&gt;&lt;T&gt;QBMCustomSQL&lt;/T&gt;&lt;P&gt;CCC-EBAADEF6839E1BD1B37A221EF0A1EB37&lt;/P&gt;&lt;/Key&gt;</Value></Column><Column Name="XTouched" Display="I"><Value>I</Value></Column><Column Name="XUserInserted" Display="viadmin"><Value>viadmin</Value></Column><Column Name="XUserUpdated" Display="viadmin"><Value>viadmin</Value></Column></Columns></DbObject><DbObject Display="CCCAzResource.CCC_Id" Version="2"><Key><Table Name="QBMCustomSQL" Display="CCCAzResource.CCC_Id" Key="CCC-FA0D025998636F1739A16C376E7BCBC5"><Prop Name="UID_QBMCustomSQL"><Value>CCC-FA0D025998636F1739A16C376E7BCBC5</Value></Prop></Table></Key><Columns><Column Name="Remarks"><Value /></Column><Column Name="ScriptCode" Display="exec QBM_PColumnAdd 'CCCAzResource', 'CCC_Id', 'nvarchar(2000) collate database_default NULL'"><Value>exec QBM_PColumnAdd 'CCCAzResource', 'CCC_Id', 'nvarchar(2000) collate database_default NULL'</Value></Column><Column Name="ScriptName" Display="CCCAzResource.CCC_Id"><Value>CCCAzResource.CCC_Id</Value></Column><Column Name="ScriptType" Display="Column"><Value>C</Value></Column><Column Name="SortOrder" Display="0"><Value>0</Value></Column><Column Name="UID_QBMCustomSQL" Display="CCC-FA0D025998636F1739A16C376E7BCBC5"><Value>CCC-FA0D025998636F1739A16C376E7BCBC5</Value></Column><Column Name="XDateInserted" Display="1/10/2022 9:26:09 AM"><Value>2022-01-10T09:26:09.0370000Z</Value></Column><Column Name="XDateUpdated" Display="1/11/2022 10:27:51 AM"><Value>2022-01-11T10:27:51.9600000Z</Value></Column><Column Name="XObjectKey" Display="&lt;Key&gt;&lt;T&gt;QBMCustomSQL&lt;/T&gt;&lt;P&gt;CCC-FA0D025998636F1739A16C376E7BCBC5&lt;/P&gt;&lt;/Key&gt;"><Value>&lt;Key&gt;&lt;T&gt;QBMCustomSQL&lt;/T&gt;&lt;P&gt;CCC-FA0D025998636F1739A16C376E7BCBC5&lt;/P&gt;&lt;/Key&gt;</Value></Column><Column Name="XTouched" Display="I"><Value>I</Value></Column><Column Name="XUserInserted" Display="viadmin"><Value>viadmin</Value></Column><Column Name="XUserUpdated" Display="viadmin"><Value>viadmin</Value></Column></Columns></DbObject></DbObjects>