﻿<DbObjects><DbObject Display="CCCAzResourceType" Version="2"><Key><Table Name="QBMCustomSQL" Display="CCCAzResourceType" Key="CCC-A8444F415D248DA478615C04E1C9E9D3"><Prop Name="UID_QBMCustomSQL"><Value>CCC-A8444F415D248DA478615C04E1C9E9D3</Value></Prop></Table></Key><Columns><Column Name="Remarks"><Value /></Column><Column Name="ScriptCode" Display=" &#xD;&#xA; if not exists (select top 1 1 from Information_schema.tables where table_name = N'CCCAzResourceType')&#xD;&#xA;  begin&#xD;&#xA;	Create Table CCCAzResourceType(&#xD;&#xA;	  UID_CCCAzResourceType varchar(38) collate database_default NOT NULL&#xD;&#xA;	, XDateInserted datetime NULL&#xD;&#xA;	, XDateUpdated datetime NULL&#xD;&#xA;	, XUserInserted nvarchar(64) collate database_default NULL&#xD;&#xA;	, XUserUpdated nvarchar(64) collate database_default NULL&#xD;&#xA;	, XTouched nchar(1) collate database_default NULL&#xD;&#xA;	, XObjectKey varchar(138) collate database_default NOT NULL&#xD;&#xA;	, XMarkedForDeletion int default 0 NULL&#xD;&#xA;	, CCC_Ident_AzResourceType nvarchar(128) collate database_default NULL&#xD;&#xA;	, CCC_UID_AADOrganization varchar(38) collate database_default NULL&#xD;&#xA;	, primary key CLUSTERED (UID_CCCAzResourceType)&#xD;&#xA;	)&#xD;&#xA;	on &quot;PRIMARY&quot;&#xD;&#xA;  end"><Value> 
 if not exists (select top 1 1 from Information_schema.tables where table_name = N'CCCAzResourceType')
  begin
	Create Table CCCAzResourceType(
	  UID_CCCAzResourceType varchar(38) collate database_default NOT NULL
	, XDateInserted datetime NULL
	, XDateUpdated datetime NULL
	, XUserInserted nvarchar(64) collate database_default NULL
	, XUserUpdated nvarchar(64) collate database_default NULL
	, XTouched nchar(1) collate database_default NULL
	, XObjectKey varchar(138) collate database_default NOT NULL
	, XMarkedForDeletion int default 0 NULL
	, CCC_Ident_AzResourceType nvarchar(128) collate database_default NULL
	, CCC_UID_AADOrganization varchar(38) collate database_default NULL
	, primary key CLUSTERED (UID_CCCAzResourceType)
	)
	on "PRIMARY"
  end</Value></Column><Column Name="ScriptName" Display="CCCAzResourceType"><Value>CCCAzResourceType</Value></Column><Column Name="ScriptType" Display="Table"><Value>U</Value></Column><Column Name="SortOrder" Display="0"><Value>0</Value></Column><Column Name="UID_QBMCustomSQL" Display="CCC-A8444F415D248DA478615C04E1C9E9D3"><Value>CCC-A8444F415D248DA478615C04E1C9E9D3</Value></Column><Column Name="XDateInserted" Display="1/10/2022 9:26:09 AM"><Value>2022-01-10T09:26:09.0470000Z</Value></Column><Column Name="XDateUpdated" Display="1/11/2022 10:12:41 AM"><Value>2022-01-11T10:12:41.2900000Z</Value></Column><Column Name="XObjectKey" Display="&lt;Key&gt;&lt;T&gt;QBMCustomSQL&lt;/T&gt;&lt;P&gt;CCC-A8444F415D248DA478615C04E1C9E9D3&lt;/P&gt;&lt;/Key&gt;"><Value>&lt;Key&gt;&lt;T&gt;QBMCustomSQL&lt;/T&gt;&lt;P&gt;CCC-A8444F415D248DA478615C04E1C9E9D3&lt;/P&gt;&lt;/Key&gt;</Value></Column><Column Name="XTouched" Display="I"><Value>I</Value></Column><Column Name="XUserInserted" Display="viadmin"><Value>viadmin</Value></Column><Column Name="XUserUpdated" Display="viadmin"><Value>viadmin</Value></Column></Columns></DbObject><DbObject Display="CCCAzResourceType.CCC_UID_AADOrganization" Version="2"><Key><Table Name="QBMCustomSQL" Display="CCCAzResourceType.CCC_UID_AADOrganization" Key="CCC-FC3F4C1CD80B266C175F5ECE378BB71B"><Prop Name="UID_QBMCustomSQL"><Value>CCC-FC3F4C1CD80B266C175F5ECE378BB71B</Value></Prop></Table></Key><Columns><Column Name="Remarks"><Value /></Column><Column Name="ScriptCode" Display="exec QBM_PColumnAdd 'CCCAzResourceType', 'CCC_UID_AADOrganization', 'varchar(38) collate database_default NULL'"><Value>exec QBM_PColumnAdd 'CCCAzResourceType', 'CCC_UID_AADOrganization', 'varchar(38) collate database_default NULL'</Value></Column><Column Name="ScriptName" Display="CCCAzResourceType.CCC_UID_AADOrganization"><Value>CCCAzResourceType.CCC_UID_AADOrganization</Value></Column><Column Name="ScriptType" Display="Column"><Value>C</Value></Column><Column Name="SortOrder" Display="0"><Value>0</Value></Column><Column Name="UID_QBMCustomSQL" Display="CCC-FC3F4C1CD80B266C175F5ECE378BB71B"><Value>CCC-FC3F4C1CD80B266C175F5ECE378BB71B</Value></Column><Column Name="XDateInserted" Display="1/10/2022 9:26:09 AM"><Value>2022-01-10T09:26:09.0470000Z</Value></Column><Column Name="XDateUpdated" Display="1/11/2022 10:14:31 AM"><Value>2022-01-11T10:14:31.0730000Z</Value></Column><Column Name="XObjectKey" Display="&lt;Key&gt;&lt;T&gt;QBMCustomSQL&lt;/T&gt;&lt;P&gt;CCC-FC3F4C1CD80B266C175F5ECE378BB71B&lt;/P&gt;&lt;/Key&gt;"><Value>&lt;Key&gt;&lt;T&gt;QBMCustomSQL&lt;/T&gt;&lt;P&gt;CCC-FC3F4C1CD80B266C175F5ECE378BB71B&lt;/P&gt;&lt;/Key&gt;</Value></Column><Column Name="XTouched" Display="I"><Value>I</Value></Column><Column Name="XUserInserted" Display="viadmin"><Value>viadmin</Value></Column><Column Name="XUserUpdated" Display="viadmin"><Value>viadmin</Value></Column></Columns></DbObject><DbObject Display="CCCAzLocation.CCC_UID_AADOrganization" Version="2"><Key><Table Name="QBMCustomSQL" Display="CCCAzLocation.CCC_UID_AADOrganization" Key="CCC-B569EB5106D2FA7C12F945593545687C"><Prop Name="UID_QBMCustomSQL"><Value>CCC-B569EB5106D2FA7C12F945593545687C</Value></Prop></Table></Key><Columns><Column Name="Remarks"><Value /></Column><Column Name="ScriptCode" Display="exec QBM_PColumnAdd 'CCCAzLocation', 'CCC_UID_AADOrganization', 'varchar(38) collate database_default NULL'"><Value>exec QBM_PColumnAdd 'CCCAzLocation', 'CCC_UID_AADOrganization', 'varchar(38) collate database_default NULL'</Value></Column><Column Name="ScriptName" Display="CCCAzLocation.CCC_UID_AADOrganization"><Value>CCCAzLocation.CCC_UID_AADOrganization</Value></Column><Column Name="ScriptType" Display="Column"><Value>C</Value></Column><Column Name="SortOrder" Display="0"><Value>0</Value></Column><Column Name="UID_QBMCustomSQL" Display="CCC-B569EB5106D2FA7C12F945593545687C"><Value>CCC-B569EB5106D2FA7C12F945593545687C</Value></Column><Column Name="XDateInserted" Display="1/10/2022 9:26:09 AM"><Value>2022-01-10T09:26:09.0530000Z</Value></Column><Column Name="XDateUpdated" Display="1/11/2022 10:14:31 AM"><Value>2022-01-11T10:14:31.0530000Z</Value></Column><Column Name="XObjectKey" Display="&lt;Key&gt;&lt;T&gt;QBMCustomSQL&lt;/T&gt;&lt;P&gt;CCC-B569EB5106D2FA7C12F945593545687C&lt;/P&gt;&lt;/Key&gt;"><Value>&lt;Key&gt;&lt;T&gt;QBMCustomSQL&lt;/T&gt;&lt;P&gt;CCC-B569EB5106D2FA7C12F945593545687C&lt;/P&gt;&lt;/Key&gt;</Value></Column><Column Name="XTouched" Display="I"><Value>I</Value></Column><Column Name="XUserInserted" Display="viadmin"><Value>viadmin</Value></Column><Column Name="XUserUpdated" Display="viadmin"><Value>viadmin</Value></Column></Columns></DbObject><DbObject Display="CCCAzLocation" Version="2"><Key><Table Name="QBMCustomSQL" Display="CCCAzLocation" Key="CCC-BFDCA6334AD0A74237ADD217BCB459BF"><Prop Name="UID_QBMCustomSQL"><Value>CCC-BFDCA6334AD0A74237ADD217BCB459BF</Value></Prop></Table></Key><Columns><Column Name="Remarks"><Value /></Column><Column Name="ScriptCode" Display=" &#xD;&#xA; if not exists (select top 1 1 from Information_schema.tables where table_name = N'CCCAzLocation')&#xD;&#xA;  begin&#xD;&#xA;	Create Table CCCAzLocation(&#xD;&#xA;	  UID_CCCAzLocation varchar(38) collate database_default NOT NULL&#xD;&#xA;	, XDateInserted datetime NULL&#xD;&#xA;	, XDateUpdated datetime NULL&#xD;&#xA;	, XUserInserted nvarchar(64) collate database_default NULL&#xD;&#xA;	, XUserUpdated nvarchar(64) collate database_default NULL&#xD;&#xA;	, XTouched nchar(1) collate database_default NULL&#xD;&#xA;	, XObjectKey varchar(138) collate database_default NOT NULL&#xD;&#xA;	, XMarkedForDeletion int default 0 NULL&#xD;&#xA;	, CCC_DisplayName nvarchar(128) collate database_default NULL&#xD;&#xA;	, CCC_Ident_AzLocation nvarchar(64) collate database_default NULL&#xD;&#xA;	, CCC_UID_AADOrganization varchar(38) collate database_default NULL&#xD;&#xA;	, primary key CLUSTERED (UID_CCCAzLocation)&#xD;&#xA;	)&#xD;&#xA;	on &quot;PRIMARY&quot;&#xD;&#xA;  end"><Value> 
 if not exists (select top 1 1 from Information_schema.tables where table_name = N'CCCAzLocation')
  begin
	Create Table CCCAzLocation(
	  UID_CCCAzLocation varchar(38) collate database_default NOT NULL
	, XDateInserted datetime NULL
	, XDateUpdated datetime NULL
	, XUserInserted nvarchar(64) collate database_default NULL
	, XUserUpdated nvarchar(64) collate database_default NULL
	, XTouched nchar(1) collate database_default NULL
	, XObjectKey varchar(138) collate database_default NOT NULL
	, XMarkedForDeletion int default 0 NULL
	, CCC_DisplayName nvarchar(128) collate database_default NULL
	, CCC_Ident_AzLocation nvarchar(64) collate database_default NULL
	, CCC_UID_AADOrganization varchar(38) collate database_default NULL
	, primary key CLUSTERED (UID_CCCAzLocation)
	)
	on "PRIMARY"
  end</Value></Column><Column Name="ScriptName" Display="CCCAzLocation"><Value>CCCAzLocation</Value></Column><Column Name="ScriptType" Display="Table"><Value>U</Value></Column><Column Name="SortOrder" Display="0"><Value>0</Value></Column><Column Name="UID_QBMCustomSQL" Display="CCC-BFDCA6334AD0A74237ADD217BCB459BF"><Value>CCC-BFDCA6334AD0A74237ADD217BCB459BF</Value></Column><Column Name="XDateInserted" Display="1/10/2022 9:26:09 AM"><Value>2022-01-10T09:26:09.0530000Z</Value></Column><Column Name="XDateUpdated" Display="1/11/2022 10:14:31 AM"><Value>2022-01-11T10:14:31.0530000Z</Value></Column><Column Name="XObjectKey" Display="&lt;Key&gt;&lt;T&gt;QBMCustomSQL&lt;/T&gt;&lt;P&gt;CCC-BFDCA6334AD0A74237ADD217BCB459BF&lt;/P&gt;&lt;/Key&gt;"><Value>&lt;Key&gt;&lt;T&gt;QBMCustomSQL&lt;/T&gt;&lt;P&gt;CCC-BFDCA6334AD0A74237ADD217BCB459BF&lt;/P&gt;&lt;/Key&gt;</Value></Column><Column Name="XTouched" Display="I"><Value>I</Value></Column><Column Name="XUserInserted" Display="viadmin"><Value>viadmin</Value></Column><Column Name="XUserUpdated" Display="viadmin"><Value>viadmin</Value></Column></Columns></DbObject></DbObjects>