﻿<!DOCTYPE ObjectContainer>
<Container>
   <BaseObject><Key>
  <Table Name="DialogTag" Display="AzPermissions" Key="CCC-0BEECD3684BFFA4583B9F9FF7D19BF56">
    <Prop Name="UID_DialogTag">
      <Value>CCC-0BEECD3684BFFA4583B9F9FF7D19BF56</Value>
    </Prop>
  </Table>
</Key></BaseObject>
   <DeleteResiduals>true</DeleteResiduals>
   <Relations>
      <Relation Table="DialogTaggedItem" Column="UID_DialogTag" Direction="Both" />
      <Relation Table="QBMTaggedChange" Column="UID_DialogTag" Direction="Both" />
   </Relations>
   <DbObjects>
      <DbObject Display="AzPermissions" Version="2">
         <Key>
            <Table Name="DialogTag" Display="AzPermissions" Key="CCC-0BEECD3684BFFA4583B9F9FF7D19BF56">
               <Prop Name="UID_DialogTag">
                  <Value>CCC-0BEECD3684BFFA4583B9F9FF7D19BF56</Value>
               </Prop>
            </Table>
         </Key>
         <Columns>
            <Column Name="Ident_DialogTag" Display="AzPermissions">
               <Value>AzPermissions</Value>
            </Column>
            <Column Name="IsClosed" Display="False">
               <Value>False</Value>
            </Column>
            <Column Name="TagType" Display="Change">
               <Value>CHANGE</Value>
            </Column>
            <Column Name="UID_DialogTag" Display="CCC-0BEECD3684BFFA4583B9F9FF7D19BF56">
               <Value>CCC-0BEECD3684BFFA4583B9F9FF7D19BF56</Value>
            </Column>
            <Column Name="UID_DialogTagParent">
               <Value />
            </Column>
            <Column Name="XMarkedForDeletion">
               <Value>0</Value>
            </Column>
         </Columns>
      </DbObject>
      <DbObject Display="CCC-0BEECD3684BFFA4583B9F9FF7D19BF56 - &lt;Key&gt;&lt;T&gt;DialogGroup&lt;/T&gt;&lt;P&gt;CCC-AzEditPermissions&lt;/P&gt;&lt;/Key&gt;" Version="2">
         <Key>
            <Table Name="QBMTaggedChange" Display="CCC-0BEECD3684BFFA4583B9F9FF7D19BF56 - &lt;Key&gt;&lt;T&gt;DialogGroup&lt;/T&gt;&lt;P&gt;CCC-AzEditPermissions&lt;/P&gt;&lt;/Key&gt;" Key="CCC-272495B64E8E2A44BD16EA2A24C511F1">
               <Prop Name="UID_QBMTaggedChange">
                  <Value>CCC-272495B64E8E2A44BD16EA2A24C511F1</Value>
               </Prop>
            </Table>
         </Key>
         <Columns>
            <Column Name="ChangeContent" Display="&lt;Diff&gt;&lt;Data State=&quot;PermissionBased&quot; /&gt;&lt;Op Columnname=&quot;GroupName&quot; Type=&quot;Value&quot; ValType=&quot;String&quot; AlreadyApplied=&quot;True&quot;&gt;&lt;OldValue /&gt;&lt;Value&gt;CCCAzEditPermissions&lt;/Value&gt;&lt;/Op&gt;&lt;Op Columnname=&quot;UID_DialogGroup&quot; Type=&quot;Value&quot; ValType=&quot;String&quot; AlreadyApplied=&quot;True&quot;&gt;&lt;OldValue /&gt;&lt;Value&gt;CCC-AzEditPermissions&lt;/Value&gt;&lt;/Op&gt;&lt;/Diff&gt;">
               <Value>&lt;Diff&gt;&lt;Data State="PermissionBased" /&gt;&lt;Op Columnname="GroupName" Type="Value" ValType="String" AlreadyApplied="True"&gt;&lt;OldValue /&gt;&lt;Value&gt;CCCAzEditPermissions&lt;/Value&gt;&lt;/Op&gt;&lt;Op Columnname="UID_DialogGroup" Type="Value" ValType="String" AlreadyApplied="True"&gt;&lt;OldValue /&gt;&lt;Value&gt;CCC-AzEditPermissions&lt;/Value&gt;&lt;/Op&gt;&lt;/Diff&gt;</Value>
            </Column>
            <Column Name="ObjectKey" Display="&lt;Key&gt;&lt;T&gt;DialogGroup&lt;/T&gt;&lt;P&gt;CCC-AzEditPermissions&lt;/P&gt;&lt;/Key&gt;">
               <Value>&lt;Key&gt;&lt;T&gt;DialogGroup&lt;/T&gt;&lt;P&gt;CCC-AzEditPermissions&lt;/P&gt;&lt;/Key&gt;</Value>
            </Column>
            <Column Name="SortOrder" Display="2458482341838848">
               <Value>2458482341838848</Value>
            </Column>
            <Column Name="UID_DialogTag" Display="CCC-0BEECD3684BFFA4583B9F9FF7D19BF56">
               <Key>
                  <Table Name="DialogTag" Display="AzPermissions" Key="CCC-0BEECD3684BFFA4583B9F9FF7D19BF56">
                     <Prop Name="UID_DialogTag">
                        <Value>CCC-0BEECD3684BFFA4583B9F9FF7D19BF56</Value>
                     </Prop>
                  </Table>
               </Key>
            </Column>
            <Column Name="UID_QBMTaggedChange" Display="CCC-272495B64E8E2A44BD16EA2A24C511F1">
               <Value>CCC-272495B64E8E2A44BD16EA2A24C511F1</Value>
            </Column>
            <Column Name="XDateInserted" Display="10/01/2022 09:10:08">
               <Value>2022-01-10T09:10:08.5900000Z</Value>
            </Column>
            <Column Name="XDateUpdated" Display="10/01/2022 09:10:08">
               <Value>2022-01-10T09:10:08.5900000Z</Value>
            </Column>
            <Column Name="XMarkedForDeletion">
               <Value>0</Value>
            </Column>
            <Column Name="XObjectKey" Display="&lt;Key&gt;&lt;T&gt;QBMTaggedChange&lt;/T&gt;&lt;P&gt;CCC-272495B64E8E2A44BD16EA2A24C511F1&lt;/P&gt;&lt;/Key&gt;">
               <Value>&lt;Key&gt;&lt;T&gt;QBMTaggedChange&lt;/T&gt;&lt;P&gt;CCC-272495B64E8E2A44BD16EA2A24C511F1&lt;/P&gt;&lt;/Key&gt;</Value>
            </Column>
            <Column Name="XTouched">
               <Value />
            </Column>
            <Column Name="XUserInserted" Display="viadmin">
               <Value>viadmin</Value>
            </Column>
            <Column Name="XUserUpdated" Display="viadmin">
               <Value>viadmin</Value>
            </Column>
         </Columns>
      </DbObject>
      <DbObject Display="CCC-0BEECD3684BFFA4583B9F9FF7D19BF56 - &lt;Key&gt;&lt;T&gt;DialogGroup&lt;/T&gt;&lt;P&gt;CCC-AzEditRole&lt;/P&gt;&lt;/Key&gt;" Version="2">
         <Key>
            <Table Name="QBMTaggedChange" Display="CCC-0BEECD3684BFFA4583B9F9FF7D19BF56 - &lt;Key&gt;&lt;T&gt;DialogGroup&lt;/T&gt;&lt;P&gt;CCC-AzEditRole&lt;/P&gt;&lt;/Key&gt;" Key="CCC-0A0431F8CE7E364483EA14EBCCB19156">
               <Prop Name="UID_QBMTaggedChange">
                  <Value>CCC-0A0431F8CE7E364483EA14EBCCB19156</Value>
               </Prop>
            </Table>
         </Key>
         <Columns>
            <Column Name="ChangeContent" Display="&lt;Diff&gt;&lt;Data State=&quot;PermissionBased&quot; /&gt;&lt;Op Columnname=&quot;GroupName&quot; Type=&quot;Value&quot; ValType=&quot;String&quot; AlreadyApplied=&quot;True&quot;&gt;&lt;OldValue /&gt;&lt;Value&gt;CCCAzEditRole&lt;/Value&gt;&lt;/Op&gt;&lt;Op Columnname=&quot;IsRoleBasedOnly&quot; Type=&quot;Value&quot; ValType=&quot;Bool&quot; AlreadyApplied=&quot;True&quot;&gt;&lt;OldValue&gt;False&lt;/OldValue&gt;&lt;Value&gt;True&lt;/Value&gt;&lt;/Op&gt;&lt;Op Columnname=&quot;UID_DialogGroup&quot; Type=&quot;Value&quot; ValType=&quot;String&quot; AlreadyApplied=&quot;True&quot;&gt;&lt;OldValue /&gt;&lt;Value&gt;CCC-AzEditRole&lt;/Value&gt;&lt;/Op&gt;&lt;/Diff&gt;">
               <Value>&lt;Diff&gt;&lt;Data State="PermissionBased" /&gt;&lt;Op Columnname="GroupName" Type="Value" ValType="String" AlreadyApplied="True"&gt;&lt;OldValue /&gt;&lt;Value&gt;CCCAzEditRole&lt;/Value&gt;&lt;/Op&gt;&lt;Op Columnname="IsRoleBasedOnly" Type="Value" ValType="Bool" AlreadyApplied="True"&gt;&lt;OldValue&gt;False&lt;/OldValue&gt;&lt;Value&gt;True&lt;/Value&gt;&lt;/Op&gt;&lt;Op Columnname="UID_DialogGroup" Type="Value" ValType="String" AlreadyApplied="True"&gt;&lt;OldValue /&gt;&lt;Value&gt;CCC-AzEditRole&lt;/Value&gt;&lt;/Op&gt;&lt;/Diff&gt;</Value>
            </Column>
            <Column Name="ObjectKey" Display="&lt;Key&gt;&lt;T&gt;DialogGroup&lt;/T&gt;&lt;P&gt;CCC-AzEditRole&lt;/P&gt;&lt;/Key&gt;">
               <Value>&lt;Key&gt;&lt;T&gt;DialogGroup&lt;/T&gt;&lt;P&gt;CCC-AzEditRole&lt;/P&gt;&lt;/Key&gt;</Value>
            </Column>
            <Column Name="SortOrder" Display="2458482341838851">
               <Value>2458482341838851</Value>
            </Column>
            <Column Name="UID_DialogTag" Display="CCC-0BEECD3684BFFA4583B9F9FF7D19BF56">
               <Key>
                  <Table Name="DialogTag" Display="AzPermissions" Key="CCC-0BEECD3684BFFA4583B9F9FF7D19BF56">
                     <Prop Name="UID_DialogTag">
                        <Value>CCC-0BEECD3684BFFA4583B9F9FF7D19BF56</Value>
                     </Prop>
                  </Table>
               </Key>
            </Column>
            <Column Name="UID_QBMTaggedChange" Display="CCC-0A0431F8CE7E364483EA14EBCCB19156">
               <Value>CCC-0A0431F8CE7E364483EA14EBCCB19156</Value>
            </Column>
            <Column Name="XDateInserted" Display="10/01/2022 09:10:08">
               <Value>2022-01-10T09:10:08.5900000Z</Value>
            </Column>
            <Column Name="XDateUpdated" Display="10/01/2022 09:10:08">
               <Value>2022-01-10T09:10:08.5900000Z</Value>
            </Column>
            <Column Name="XMarkedForDeletion">
               <Value>0</Value>
            </Column>
            <Column Name="XObjectKey" Display="&lt;Key&gt;&lt;T&gt;QBMTaggedChange&lt;/T&gt;&lt;P&gt;CCC-0A0431F8CE7E364483EA14EBCCB19156&lt;/P&gt;&lt;/Key&gt;">
               <Value>&lt;Key&gt;&lt;T&gt;QBMTaggedChange&lt;/T&gt;&lt;P&gt;CCC-0A0431F8CE7E364483EA14EBCCB19156&lt;/P&gt;&lt;/Key&gt;</Value>
            </Column>
            <Column Name="XTouched">
               <Value />
            </Column>
            <Column Name="XUserInserted" Display="viadmin">
               <Value>viadmin</Value>
            </Column>
            <Column Name="XUserUpdated" Display="viadmin">
               <Value>viadmin</Value>
            </Column>
         </Columns>
      </DbObject>
      <DbObject Display="CCC-0BEECD3684BFFA4583B9F9FF7D19BF56 - &lt;Key&gt;&lt;T&gt;DialogGroup&lt;/T&gt;&lt;P&gt;CCC-AzViewPermissions&lt;/P&gt;&lt;/Key&gt;" Version="2">
         <Key>
            <Table Name="QBMTaggedChange" Display="CCC-0BEECD3684BFFA4583B9F9FF7D19BF56 - &lt;Key&gt;&lt;T&gt;DialogGroup&lt;/T&gt;&lt;P&gt;CCC-AzViewPermissions&lt;/P&gt;&lt;/Key&gt;" Key="CCC-0B2F8DA2DF9796418D69E5EDE6944B49">
               <Prop Name="UID_QBMTaggedChange">
                  <Value>CCC-0B2F8DA2DF9796418D69E5EDE6944B49</Value>
               </Prop>
            </Table>
         </Key>
         <Columns>
            <Column Name="ChangeContent" Display="&lt;Diff&gt;&lt;Data State=&quot;PermissionBased&quot; /&gt;&lt;Op Columnname=&quot;GroupName&quot; Type=&quot;Value&quot; ValType=&quot;String&quot; AlreadyApplied=&quot;True&quot;&gt;&lt;OldValue /&gt;&lt;Value&gt;CCCAzViewPermissions&lt;/Value&gt;&lt;/Op&gt;&lt;Op Columnname=&quot;UID_DialogGroup&quot; Type=&quot;Value&quot; ValType=&quot;String&quot; AlreadyApplied=&quot;True&quot;&gt;&lt;OldValue /&gt;&lt;Value&gt;CCC-AzViewPermissions&lt;/Value&gt;&lt;/Op&gt;&lt;/Diff&gt;">
               <Value>&lt;Diff&gt;&lt;Data State="PermissionBased" /&gt;&lt;Op Columnname="GroupName" Type="Value" ValType="String" AlreadyApplied="True"&gt;&lt;OldValue /&gt;&lt;Value&gt;CCCAzViewPermissions&lt;/Value&gt;&lt;/Op&gt;&lt;Op Columnname="UID_DialogGroup" Type="Value" ValType="String" AlreadyApplied="True"&gt;&lt;OldValue /&gt;&lt;Value&gt;CCC-AzViewPermissions&lt;/Value&gt;&lt;/Op&gt;&lt;/Diff&gt;</Value>
            </Column>
            <Column Name="ObjectKey" Display="&lt;Key&gt;&lt;T&gt;DialogGroup&lt;/T&gt;&lt;P&gt;CCC-AzViewPermissions&lt;/P&gt;&lt;/Key&gt;">
               <Value>&lt;Key&gt;&lt;T&gt;DialogGroup&lt;/T&gt;&lt;P&gt;CCC-AzViewPermissions&lt;/P&gt;&lt;/Key&gt;</Value>
            </Column>
            <Column Name="SortOrder" Display="2458482341838849">
               <Value>2458482341838849</Value>
            </Column>
            <Column Name="UID_DialogTag" Display="CCC-0BEECD3684BFFA4583B9F9FF7D19BF56">
               <Key>
                  <Table Name="DialogTag" Display="AzPermissions" Key="CCC-0BEECD3684BFFA4583B9F9FF7D19BF56">
                     <Prop Name="UID_DialogTag">
                        <Value>CCC-0BEECD3684BFFA4583B9F9FF7D19BF56</Value>
                     </Prop>
                  </Table>
               </Key>
            </Column>
            <Column Name="UID_QBMTaggedChange" Display="CCC-0B2F8DA2DF9796418D69E5EDE6944B49">
               <Value>CCC-0B2F8DA2DF9796418D69E5EDE6944B49</Value>
            </Column>
            <Column Name="XDateInserted" Display="10/01/2022 09:10:08">
               <Value>2022-01-10T09:10:08.5930000Z</Value>
            </Column>
            <Column Name="XDateUpdated" Display="10/01/2022 09:10:08">
               <Value>2022-01-10T09:10:08.5930000Z</Value>
            </Column>
            <Column Name="XMarkedForDeletion">
               <Value>0</Value>
            </Column>
            <Column Name="XObjectKey" Display="&lt;Key&gt;&lt;T&gt;QBMTaggedChange&lt;/T&gt;&lt;P&gt;CCC-0B2F8DA2DF9796418D69E5EDE6944B49&lt;/P&gt;&lt;/Key&gt;">
               <Value>&lt;Key&gt;&lt;T&gt;QBMTaggedChange&lt;/T&gt;&lt;P&gt;CCC-0B2F8DA2DF9796418D69E5EDE6944B49&lt;/P&gt;&lt;/Key&gt;</Value>
            </Column>
            <Column Name="XTouched">
               <Value />
            </Column>
            <Column Name="XUserInserted" Display="viadmin">
               <Value>viadmin</Value>
            </Column>
            <Column Name="XUserUpdated" Display="viadmin">
               <Value>viadmin</Value>
            </Column>
         </Columns>
      </DbObject>
      <DbObject Display="CCC-0BEECD3684BFFA4583B9F9FF7D19BF56 - &lt;Key&gt;&lt;T&gt;DialogGroup&lt;/T&gt;&lt;P&gt;CCC-AzViewRole&lt;/P&gt;&lt;/Key&gt;" Version="2">
         <Key>
            <Table Name="QBMTaggedChange" Display="CCC-0BEECD3684BFFA4583B9F9FF7D19BF56 - &lt;Key&gt;&lt;T&gt;DialogGroup&lt;/T&gt;&lt;P&gt;CCC-AzViewRole&lt;/P&gt;&lt;/Key&gt;" Key="CCC-BC5265BB3422A346A11124553FEB640A">
               <Prop Name="UID_QBMTaggedChange">
                  <Value>CCC-BC5265BB3422A346A11124553FEB640A</Value>
               </Prop>
            </Table>
         </Key>
         <Columns>
            <Column Name="ChangeContent" Display="&lt;Diff&gt;&lt;Data State=&quot;PermissionBased&quot; /&gt;&lt;Op Columnname=&quot;GroupName&quot; Type=&quot;Value&quot; ValType=&quot;String&quot; AlreadyApplied=&quot;True&quot;&gt;&lt;OldValue /&gt;&lt;Value&gt;CCCAzViewRole&lt;/Value&gt;&lt;/Op&gt;&lt;Op Columnname=&quot;IsRoleBasedOnly&quot; Type=&quot;Value&quot; ValType=&quot;Bool&quot; AlreadyApplied=&quot;True&quot;&gt;&lt;OldValue&gt;False&lt;/OldValue&gt;&lt;Value&gt;True&lt;/Value&gt;&lt;/Op&gt;&lt;Op Columnname=&quot;UID_DialogGroup&quot; Type=&quot;Value&quot; ValType=&quot;String&quot; AlreadyApplied=&quot;True&quot;&gt;&lt;OldValue /&gt;&lt;Value&gt;CCC-AzViewRole&lt;/Value&gt;&lt;/Op&gt;&lt;/Diff&gt;">
               <Value>&lt;Diff&gt;&lt;Data State="PermissionBased" /&gt;&lt;Op Columnname="GroupName" Type="Value" ValType="String" AlreadyApplied="True"&gt;&lt;OldValue /&gt;&lt;Value&gt;CCCAzViewRole&lt;/Value&gt;&lt;/Op&gt;&lt;Op Columnname="IsRoleBasedOnly" Type="Value" ValType="Bool" AlreadyApplied="True"&gt;&lt;OldValue&gt;False&lt;/OldValue&gt;&lt;Value&gt;True&lt;/Value&gt;&lt;/Op&gt;&lt;Op Columnname="UID_DialogGroup" Type="Value" ValType="String" AlreadyApplied="True"&gt;&lt;OldValue /&gt;&lt;Value&gt;CCC-AzViewRole&lt;/Value&gt;&lt;/Op&gt;&lt;/Diff&gt;</Value>
            </Column>
            <Column Name="ObjectKey" Display="&lt;Key&gt;&lt;T&gt;DialogGroup&lt;/T&gt;&lt;P&gt;CCC-AzViewRole&lt;/P&gt;&lt;/Key&gt;">
               <Value>&lt;Key&gt;&lt;T&gt;DialogGroup&lt;/T&gt;&lt;P&gt;CCC-AzViewRole&lt;/P&gt;&lt;/Key&gt;</Value>
            </Column>
            <Column Name="SortOrder" Display="2458482341838850">
               <Value>2458482341838850</Value>
            </Column>
            <Column Name="UID_DialogTag" Display="CCC-0BEECD3684BFFA4583B9F9FF7D19BF56">
               <Key>
                  <Table Name="DialogTag" Display="AzPermissions" Key="CCC-0BEECD3684BFFA4583B9F9FF7D19BF56">
                     <Prop Name="UID_DialogTag">
                        <Value>CCC-0BEECD3684BFFA4583B9F9FF7D19BF56</Value>
                     </Prop>
                  </Table>
               </Key>
            </Column>
            <Column Name="UID_QBMTaggedChange" Display="CCC-BC5265BB3422A346A11124553FEB640A">
               <Value>CCC-BC5265BB3422A346A11124553FEB640A</Value>
            </Column>
            <Column Name="XDateInserted" Display="10/01/2022 09:10:08">
               <Value>2022-01-10T09:10:08.5930000Z</Value>
            </Column>
            <Column Name="XDateUpdated" Display="10/01/2022 09:10:08">
               <Value>2022-01-10T09:10:08.5930000Z</Value>
            </Column>
            <Column Name="XMarkedForDeletion">
               <Value>0</Value>
            </Column>
            <Column Name="XObjectKey" Display="&lt;Key&gt;&lt;T&gt;QBMTaggedChange&lt;/T&gt;&lt;P&gt;CCC-BC5265BB3422A346A11124553FEB640A&lt;/P&gt;&lt;/Key&gt;">
               <Value>&lt;Key&gt;&lt;T&gt;QBMTaggedChange&lt;/T&gt;&lt;P&gt;CCC-BC5265BB3422A346A11124553FEB640A&lt;/P&gt;&lt;/Key&gt;</Value>
            </Column>
            <Column Name="XTouched">
               <Value />
            </Column>
            <Column Name="XUserInserted" Display="viadmin">
               <Value>viadmin</Value>
            </Column>
            <Column Name="XUserUpdated" Display="viadmin">
               <Value>viadmin</Value>
            </Column>
         </Columns>
      </DbObject>
   </DbObjects>
</Container>