﻿<!DOCTYPE ObjectContainer>
<Container>
   <BaseObject><Key>
  <Table Name="DialogTag" Display="Added AADOrganization reference for CCCLocation" Key="CCC-F64182474EEA274AA53E45458498D9A6">
    <Prop Name="UID_DialogTag">
      <Value>CCC-F64182474EEA274AA53E45458498D9A6</Value>
    </Prop>
  </Table>
</Key></BaseObject>
   <DeleteResiduals>true</DeleteResiduals>
   <Relations>
      <Relation Table="DialogTaggedItem" Column="UID_DialogTag" Direction="Both" />
      <Relation Table="QBMTaggedChange" Column="UID_DialogTag" Direction="Both" />
   </Relations>
   <DbObjects>
      <DbObject Display="Added AADOrganization reference for CCCLocation" Version="2">
         <Key>
            <Table Name="DialogTag" Display="Added AADOrganization reference for CCCLocation" Key="CCC-F64182474EEA274AA53E45458498D9A6">
               <Prop Name="UID_DialogTag">
                  <Value>CCC-F64182474EEA274AA53E45458498D9A6</Value>
               </Prop>
            </Table>
         </Key>
         <Columns>
            <Column Name="Ident_DialogTag" Display="Added AADOrganization reference for CCCLocation">
               <Value>Added AADOrganization reference for CCCLocation</Value>
            </Column>
            <Column Name="IsClosed" Display="False">
               <Value>False</Value>
            </Column>
            <Column Name="TagType" Display="Change">
               <Value>CHANGE</Value>
            </Column>
            <Column Name="UID_DialogTag" Display="CCC-F64182474EEA274AA53E45458498D9A6">
               <Value>CCC-F64182474EEA274AA53E45458498D9A6</Value>
            </Column>
            <Column Name="UID_DialogTagParent">
               <Value />
            </Column>
            <Column Name="XMarkedForDeletion">
               <Value>0</Value>
            </Column>
         </Columns>
      </DbObject>
      <DbObject Display="CCC-F64182474EEA274AA53E45458498D9A6 - &lt;Key&gt;&lt;T&gt;DialogColumn&lt;/T&gt;&lt;P&gt;CCC-4F154EA0852B5F4D82C5A0CF30E958D8&lt;/P&gt;&lt;/Key&gt;" Version="2">
         <Key>
            <Table Name="QBMTaggedChange" Display="CCC-F64182474EEA274AA53E45458498D9A6 - &lt;Key&gt;&lt;T&gt;DialogColumn&lt;/T&gt;&lt;P&gt;CCC-4F154EA0852B5F4D82C5A0CF30E958D8&lt;/P&gt;&lt;/Key&gt;" Key="CCC-2BD99F0E81728A4AAA2AFB6059C2FBB9">
               <Prop Name="UID_QBMTaggedChange">
                  <Value>CCC-2BD99F0E81728A4AAA2AFB6059C2FBB9</Value>
               </Prop>
            </Table>
         </Key>
         <Columns>
            <Column Name="ChangeContent" Display="&lt;Diff&gt;&lt;Data State=&quot;None&quot; /&gt;&lt;Op Columnname=&quot;Caption&quot; Type=&quot;Value&quot; ValType=&quot;String&quot; AlreadyApplied=&quot;True&quot;&gt;&lt;OldValue /&gt;&lt;Value&gt;AAD Organization&lt;/Value&gt;&lt;/Op&gt;&lt;Op Columnname=&quot;ColumnName&quot; Type=&quot;Value&quot; ValType=&quot;String&quot; AlreadyApplied=&quot;True&quot;&gt;&lt;OldValue /&gt;&lt;Value&gt;CCC_UID_AADOrganization&lt;/Value&gt;&lt;/Op&gt;&lt;Op Columnname=&quot;DataType&quot; Type=&quot;Value&quot; ValType=&quot;Int&quot; AlreadyApplied=&quot;True&quot;&gt;&lt;OldValue&gt;0&lt;/OldValue&gt;&lt;Value&gt;6&lt;/Value&gt;&lt;/Op&gt;&lt;Op Columnname=&quot;IsCustomConfigurable&quot; Type=&quot;Value&quot; ValType=&quot;Bool&quot; AlreadyApplied=&quot;True&quot;&gt;&lt;OldValue&gt;False&lt;/OldValue&gt;&lt;Value&gt;True&lt;/Value&gt;&lt;/Op&gt;&lt;Op Columnname=&quot;IsForeignKey&quot; Type=&quot;Value&quot; ValType=&quot;Bool&quot; AlreadyApplied=&quot;True&quot;&gt;&lt;OldValue&gt;False&lt;/OldValue&gt;&lt;Value&gt;True&lt;/Value&gt;&lt;/Op&gt;&lt;Op Columnname=&quot;IsUID&quot; Type=&quot;Value&quot; ValType=&quot;Bool&quot; AlreadyApplied=&quot;True&quot;&gt;&lt;OldValue&gt;False&lt;/OldValue&gt;&lt;Value&gt;True&lt;/Value&gt;&lt;/Op&gt;&lt;Op Columnname=&quot;MinLen&quot; Type=&quot;Value&quot; ValType=&quot;Int&quot; AlreadyApplied=&quot;True&quot;&gt;&lt;OldValue&gt;0&lt;/OldValue&gt;&lt;Value&gt;1&lt;/Value&gt;&lt;/Op&gt;&lt;Op Columnname=&quot;SortOrder&quot; Type=&quot;Value&quot; ValType=&quot;Int&quot; AlreadyApplied=&quot;True&quot;&gt;&lt;OldValue&gt;0&lt;/OldValue&gt;&lt;Value&gt;1&lt;/Value&gt;&lt;/Op&gt;&lt;Op Columnname=&quot;UID_DialogColumn&quot; Type=&quot;Value&quot; ValType=&quot;String&quot; AlreadyApplied=&quot;True&quot;&gt;&lt;OldValue /&gt;&lt;Value&gt;CCC-4F154EA0852B5F4D82C5A0CF30E958D8&lt;/Value&gt;&lt;/Op&gt;&lt;Op Columnname=&quot;UID_DialogTable&quot; Type=&quot;Value&quot; ValType=&quot;String&quot; AlreadyApplied=&quot;True&quot;&gt;&lt;OldValue /&gt;&lt;Value&gt;CCC-T-CCCAzLocation&lt;/Value&gt;&lt;/Op&gt;&lt;/Diff&gt;">
               <Value>&lt;Diff&gt;&lt;Data State="None" /&gt;&lt;Op Columnname="Caption" Type="Value" ValType="String" AlreadyApplied="True"&gt;&lt;OldValue /&gt;&lt;Value&gt;AAD Organization&lt;/Value&gt;&lt;/Op&gt;&lt;Op Columnname="ColumnName" Type="Value" ValType="String" AlreadyApplied="True"&gt;&lt;OldValue /&gt;&lt;Value&gt;CCC_UID_AADOrganization&lt;/Value&gt;&lt;/Op&gt;&lt;Op Columnname="DataType" Type="Value" ValType="Int" AlreadyApplied="True"&gt;&lt;OldValue&gt;0&lt;/OldValue&gt;&lt;Value&gt;6&lt;/Value&gt;&lt;/Op&gt;&lt;Op Columnname="IsCustomConfigurable" Type="Value" ValType="Bool" AlreadyApplied="True"&gt;&lt;OldValue&gt;False&lt;/OldValue&gt;&lt;Value&gt;True&lt;/Value&gt;&lt;/Op&gt;&lt;Op Columnname="IsForeignKey" Type="Value" ValType="Bool" AlreadyApplied="True"&gt;&lt;OldValue&gt;False&lt;/OldValue&gt;&lt;Value&gt;True&lt;/Value&gt;&lt;/Op&gt;&lt;Op Columnname="IsUID" Type="Value" ValType="Bool" AlreadyApplied="True"&gt;&lt;OldValue&gt;False&lt;/OldValue&gt;&lt;Value&gt;True&lt;/Value&gt;&lt;/Op&gt;&lt;Op Columnname="MinLen" Type="Value" ValType="Int" AlreadyApplied="True"&gt;&lt;OldValue&gt;0&lt;/OldValue&gt;&lt;Value&gt;1&lt;/Value&gt;&lt;/Op&gt;&lt;Op Columnname="SortOrder" Type="Value" ValType="Int" AlreadyApplied="True"&gt;&lt;OldValue&gt;0&lt;/OldValue&gt;&lt;Value&gt;1&lt;/Value&gt;&lt;/Op&gt;&lt;Op Columnname="UID_DialogColumn" Type="Value" ValType="String" AlreadyApplied="True"&gt;&lt;OldValue /&gt;&lt;Value&gt;CCC-4F154EA0852B5F4D82C5A0CF30E958D8&lt;/Value&gt;&lt;/Op&gt;&lt;Op Columnname="UID_DialogTable" Type="Value" ValType="String" AlreadyApplied="True"&gt;&lt;OldValue /&gt;&lt;Value&gt;CCC-T-CCCAzLocation&lt;/Value&gt;&lt;/Op&gt;&lt;/Diff&gt;</Value>
            </Column>
            <Column Name="ObjectKey" Display="&lt;Key&gt;&lt;T&gt;DialogColumn&lt;/T&gt;&lt;P&gt;CCC-4F154EA0852B5F4D82C5A0CF30E958D8&lt;/P&gt;&lt;/Key&gt;">
               <Value>&lt;Key&gt;&lt;T&gt;DialogColumn&lt;/T&gt;&lt;P&gt;CCC-4F154EA0852B5F4D82C5A0CF30E958D8&lt;/P&gt;&lt;/Key&gt;</Value>
            </Column>
            <Column Name="SortOrder" Display="2617326141243392">
               <Value>2617326141243392</Value>
            </Column>
            <Column Name="UID_DialogTag" Display="CCC-F64182474EEA274AA53E45458498D9A6">
               <Key>
                  <Table Name="DialogTag" Display="Added AADOrganization reference for CCCLocation" Key="CCC-F64182474EEA274AA53E45458498D9A6">
                     <Prop Name="UID_DialogTag">
                        <Value>CCC-F64182474EEA274AA53E45458498D9A6</Value>
                     </Prop>
                  </Table>
               </Key>
            </Column>
            <Column Name="UID_QBMTaggedChange" Display="CCC-2BD99F0E81728A4AAA2AFB6059C2FBB9">
               <Value>CCC-2BD99F0E81728A4AAA2AFB6059C2FBB9</Value>
            </Column>
            <Column Name="XDateInserted" Display="1/11/2022 10:13:35 AM">
               <Value>2022-01-11T10:13:35.9830000Z</Value>
            </Column>
            <Column Name="XDateUpdated" Display="1/11/2022 10:13:35 AM">
               <Value>2022-01-11T10:13:35.9830000Z</Value>
            </Column>
            <Column Name="XMarkedForDeletion">
               <Value>0</Value>
            </Column>
            <Column Name="XObjectKey" Display="&lt;Key&gt;&lt;T&gt;QBMTaggedChange&lt;/T&gt;&lt;P&gt;CCC-2BD99F0E81728A4AAA2AFB6059C2FBB9&lt;/P&gt;&lt;/Key&gt;">
               <Value>&lt;Key&gt;&lt;T&gt;QBMTaggedChange&lt;/T&gt;&lt;P&gt;CCC-2BD99F0E81728A4AAA2AFB6059C2FBB9&lt;/P&gt;&lt;/Key&gt;</Value>
            </Column>
            <Column Name="XTouched">
               <Value />
            </Column>
            <Column Name="XUserInserted" Display="viadmin">
               <Value>viadmin</Value>
            </Column>
            <Column Name="XUserUpdated" Display="viadmin">
               <Value>viadmin</Value>
            </Column>
         </Columns>
      </DbObject>
      <DbObject Display="CCC-F64182474EEA274AA53E45458498D9A6 - &lt;Key&gt;&lt;T&gt;DialogColumnGroupRight&lt;/T&gt;&lt;P&gt;CCC-4F154EA0852B5F4D82C5A0CF30E958D8&lt;/P&gt;&lt;P&gt;CCC-AzEditPermissions&lt;/P&gt;&lt;/Key&gt;" Version="2">
         <Key>
            <Table Name="QBMTaggedChange" Display="CCC-F64182474EEA274AA53E45458498D9A6 - &lt;Key&gt;&lt;T&gt;DialogColumnGroupRight&lt;/T&gt;&lt;P&gt;CCC-4F154EA0852B5F4D82C5A0CF30E958D8&lt;/P&gt;&lt;P&gt;CCC-AzEditPermissions&lt;/P&gt;&lt;/Key&gt;" Key="CCC-8A110764C4984E42AED57AF5B61F3987">
               <Prop Name="UID_QBMTaggedChange">
                  <Value>CCC-8A110764C4984E42AED57AF5B61F3987</Value>
               </Prop>
            </Table>
         </Key>
         <Columns>
            <Column Name="ChangeContent" Display="&lt;Diff&gt;&lt;Data State=&quot;None&quot; /&gt;&lt;Op Columnname=&quot;CanEdit&quot; Type=&quot;Value&quot; ValType=&quot;Bool&quot; AlreadyApplied=&quot;True&quot;&gt;&lt;OldValue&gt;False&lt;/OldValue&gt;&lt;Value&gt;True&lt;/Value&gt;&lt;/Op&gt;&lt;Op Columnname=&quot;UID_DialogColumn&quot; Type=&quot;Value&quot; ValType=&quot;String&quot; AlreadyApplied=&quot;True&quot;&gt;&lt;OldValue /&gt;&lt;Value&gt;CCC-4F154EA0852B5F4D82C5A0CF30E958D8&lt;/Value&gt;&lt;/Op&gt;&lt;Op Columnname=&quot;UID_DialogGroup&quot; Type=&quot;Value&quot; ValType=&quot;String&quot; AlreadyApplied=&quot;True&quot;&gt;&lt;OldValue /&gt;&lt;Value&gt;CCC-AzEditPermissions&lt;/Value&gt;&lt;/Op&gt;&lt;/Diff&gt;">
               <Value>&lt;Diff&gt;&lt;Data State="None" /&gt;&lt;Op Columnname="CanEdit" Type="Value" ValType="Bool" AlreadyApplied="True"&gt;&lt;OldValue&gt;False&lt;/OldValue&gt;&lt;Value&gt;True&lt;/Value&gt;&lt;/Op&gt;&lt;Op Columnname="UID_DialogColumn" Type="Value" ValType="String" AlreadyApplied="True"&gt;&lt;OldValue /&gt;&lt;Value&gt;CCC-4F154EA0852B5F4D82C5A0CF30E958D8&lt;/Value&gt;&lt;/Op&gt;&lt;Op Columnname="UID_DialogGroup" Type="Value" ValType="String" AlreadyApplied="True"&gt;&lt;OldValue /&gt;&lt;Value&gt;CCC-AzEditPermissions&lt;/Value&gt;&lt;/Op&gt;&lt;/Diff&gt;</Value>
            </Column>
            <Column Name="ObjectKey" Display="&lt;Key&gt;&lt;T&gt;DialogColumnGroupRight&lt;/T&gt;&lt;P&gt;CCC-4F154EA0852B5F4D82C5A0CF30E958D8&lt;/P&gt;&lt;P&gt;CCC-AzEditPermissions&lt;/P&gt;&lt;/Key&gt;">
               <Value>&lt;Key&gt;&lt;T&gt;DialogColumnGroupRight&lt;/T&gt;&lt;P&gt;CCC-4F154EA0852B5F4D82C5A0CF30E958D8&lt;/P&gt;&lt;P&gt;CCC-AzEditPermissions&lt;/P&gt;&lt;/Key&gt;</Value>
            </Column>
            <Column Name="SortOrder" Display="2617326160314372">
               <Value>2617326160314372</Value>
            </Column>
            <Column Name="UID_DialogTag" Display="CCC-F64182474EEA274AA53E45458498D9A6">
               <Key>
                  <Table Name="DialogTag" Display="Added AADOrganization reference for CCCLocation" Key="CCC-F64182474EEA274AA53E45458498D9A6">
                     <Prop Name="UID_DialogTag">
                        <Value>CCC-F64182474EEA274AA53E45458498D9A6</Value>
                     </Prop>
                  </Table>
               </Key>
            </Column>
            <Column Name="UID_QBMTaggedChange" Display="CCC-8A110764C4984E42AED57AF5B61F3987">
               <Value>CCC-8A110764C4984E42AED57AF5B61F3987</Value>
            </Column>
            <Column Name="XDateInserted" Display="1/11/2022 10:13:35 AM">
               <Value>2022-01-11T10:13:35.9870000Z</Value>
            </Column>
            <Column Name="XDateUpdated" Display="1/11/2022 10:13:35 AM">
               <Value>2022-01-11T10:13:35.9870000Z</Value>
            </Column>
            <Column Name="XMarkedForDeletion">
               <Value>0</Value>
            </Column>
            <Column Name="XObjectKey" Display="&lt;Key&gt;&lt;T&gt;QBMTaggedChange&lt;/T&gt;&lt;P&gt;CCC-8A110764C4984E42AED57AF5B61F3987&lt;/P&gt;&lt;/Key&gt;">
               <Value>&lt;Key&gt;&lt;T&gt;QBMTaggedChange&lt;/T&gt;&lt;P&gt;CCC-8A110764C4984E42AED57AF5B61F3987&lt;/P&gt;&lt;/Key&gt;</Value>
            </Column>
            <Column Name="XTouched">
               <Value />
            </Column>
            <Column Name="XUserInserted" Display="viadmin">
               <Value>viadmin</Value>
            </Column>
            <Column Name="XUserUpdated" Display="viadmin">
               <Value>viadmin</Value>
            </Column>
         </Columns>
      </DbObject>
      <DbObject Display="CCC-F64182474EEA274AA53E45458498D9A6 - &lt;Key&gt;&lt;T&gt;DialogColumnGroupRight&lt;/T&gt;&lt;P&gt;CCC-4F154EA0852B5F4D82C5A0CF30E958D8&lt;/P&gt;&lt;P&gt;CCC-AzEditRole&lt;/P&gt;&lt;/Key&gt;" Version="2">
         <Key>
            <Table Name="QBMTaggedChange" Display="CCC-F64182474EEA274AA53E45458498D9A6 - &lt;Key&gt;&lt;T&gt;DialogColumnGroupRight&lt;/T&gt;&lt;P&gt;CCC-4F154EA0852B5F4D82C5A0CF30E958D8&lt;/P&gt;&lt;P&gt;CCC-AzEditRole&lt;/P&gt;&lt;/Key&gt;" Key="CCC-38C52EB639F0254F8F4BAFEAFC5704A3">
               <Prop Name="UID_QBMTaggedChange">
                  <Value>CCC-38C52EB639F0254F8F4BAFEAFC5704A3</Value>
               </Prop>
            </Table>
         </Key>
         <Columns>
            <Column Name="ChangeContent" Display="&lt;Diff&gt;&lt;Data State=&quot;None&quot; /&gt;&lt;Op Columnname=&quot;CanEdit&quot; Type=&quot;Value&quot; ValType=&quot;Bool&quot; AlreadyApplied=&quot;True&quot;&gt;&lt;OldValue&gt;False&lt;/OldValue&gt;&lt;Value&gt;True&lt;/Value&gt;&lt;/Op&gt;&lt;Op Columnname=&quot;UID_DialogColumn&quot; Type=&quot;Value&quot; ValType=&quot;String&quot; AlreadyApplied=&quot;True&quot;&gt;&lt;OldValue /&gt;&lt;Value&gt;CCC-4F154EA0852B5F4D82C5A0CF30E958D8&lt;/Value&gt;&lt;/Op&gt;&lt;Op Columnname=&quot;UID_DialogGroup&quot; Type=&quot;Value&quot; ValType=&quot;String&quot; AlreadyApplied=&quot;True&quot;&gt;&lt;OldValue /&gt;&lt;Value&gt;CCC-AzEditRole&lt;/Value&gt;&lt;/Op&gt;&lt;/Diff&gt;">
               <Value>&lt;Diff&gt;&lt;Data State="None" /&gt;&lt;Op Columnname="CanEdit" Type="Value" ValType="Bool" AlreadyApplied="True"&gt;&lt;OldValue&gt;False&lt;/OldValue&gt;&lt;Value&gt;True&lt;/Value&gt;&lt;/Op&gt;&lt;Op Columnname="UID_DialogColumn" Type="Value" ValType="String" AlreadyApplied="True"&gt;&lt;OldValue /&gt;&lt;Value&gt;CCC-4F154EA0852B5F4D82C5A0CF30E958D8&lt;/Value&gt;&lt;/Op&gt;&lt;Op Columnname="UID_DialogGroup" Type="Value" ValType="String" AlreadyApplied="True"&gt;&lt;OldValue /&gt;&lt;Value&gt;CCC-AzEditRole&lt;/Value&gt;&lt;/Op&gt;&lt;/Diff&gt;</Value>
            </Column>
            <Column Name="ObjectKey" Display="&lt;Key&gt;&lt;T&gt;DialogColumnGroupRight&lt;/T&gt;&lt;P&gt;CCC-4F154EA0852B5F4D82C5A0CF30E958D8&lt;/P&gt;&lt;P&gt;CCC-AzEditRole&lt;/P&gt;&lt;/Key&gt;">
               <Value>&lt;Key&gt;&lt;T&gt;DialogColumnGroupRight&lt;/T&gt;&lt;P&gt;CCC-4F154EA0852B5F4D82C5A0CF30E958D8&lt;/P&gt;&lt;P&gt;CCC-AzEditRole&lt;/P&gt;&lt;/Key&gt;</Value>
            </Column>
            <Column Name="SortOrder" Display="2617326160314373">
               <Value>2617326160314373</Value>
            </Column>
            <Column Name="UID_DialogTag" Display="CCC-F64182474EEA274AA53E45458498D9A6">
               <Key>
                  <Table Name="DialogTag" Display="Added AADOrganization reference for CCCLocation" Key="CCC-F64182474EEA274AA53E45458498D9A6">
                     <Prop Name="UID_DialogTag">
                        <Value>CCC-F64182474EEA274AA53E45458498D9A6</Value>
                     </Prop>
                  </Table>
               </Key>
            </Column>
            <Column Name="UID_QBMTaggedChange" Display="CCC-38C52EB639F0254F8F4BAFEAFC5704A3">
               <Value>CCC-38C52EB639F0254F8F4BAFEAFC5704A3</Value>
            </Column>
            <Column Name="XDateInserted" Display="1/11/2022 10:13:35 AM">
               <Value>2022-01-11T10:13:35.9870000Z</Value>
            </Column>
            <Column Name="XDateUpdated" Display="1/11/2022 10:13:35 AM">
               <Value>2022-01-11T10:13:35.9870000Z</Value>
            </Column>
            <Column Name="XMarkedForDeletion">
               <Value>0</Value>
            </Column>
            <Column Name="XObjectKey" Display="&lt;Key&gt;&lt;T&gt;QBMTaggedChange&lt;/T&gt;&lt;P&gt;CCC-38C52EB639F0254F8F4BAFEAFC5704A3&lt;/P&gt;&lt;/Key&gt;">
               <Value>&lt;Key&gt;&lt;T&gt;QBMTaggedChange&lt;/T&gt;&lt;P&gt;CCC-38C52EB639F0254F8F4BAFEAFC5704A3&lt;/P&gt;&lt;/Key&gt;</Value>
            </Column>
            <Column Name="XTouched">
               <Value />
            </Column>
            <Column Name="XUserInserted" Display="viadmin">
               <Value>viadmin</Value>
            </Column>
            <Column Name="XUserUpdated" Display="viadmin">
               <Value>viadmin</Value>
            </Column>
         </Columns>
      </DbObject>
      <DbObject Display="CCC-F64182474EEA274AA53E45458498D9A6 - &lt;Key&gt;&lt;T&gt;DialogColumnGroupRight&lt;/T&gt;&lt;P&gt;CCC-4F154EA0852B5F4D82C5A0CF30E958D8&lt;/P&gt;&lt;P&gt;CCC-AzViewPermissions&lt;/P&gt;&lt;/Key&gt;" Version="2">
         <Key>
            <Table Name="QBMTaggedChange" Display="CCC-F64182474EEA274AA53E45458498D9A6 - &lt;Key&gt;&lt;T&gt;DialogColumnGroupRight&lt;/T&gt;&lt;P&gt;CCC-4F154EA0852B5F4D82C5A0CF30E958D8&lt;/P&gt;&lt;P&gt;CCC-AzViewPermissions&lt;/P&gt;&lt;/Key&gt;" Key="CCC-BBE28C15E7C31A4893D35605B9B8904D">
               <Prop Name="UID_QBMTaggedChange">
                  <Value>CCC-BBE28C15E7C31A4893D35605B9B8904D</Value>
               </Prop>
            </Table>
         </Key>
         <Columns>
            <Column Name="ChangeContent" Display="&lt;Diff&gt;&lt;Data State=&quot;None&quot; /&gt;&lt;Op Columnname=&quot;CanSee&quot; Type=&quot;Value&quot; ValType=&quot;Bool&quot; AlreadyApplied=&quot;True&quot;&gt;&lt;OldValue&gt;False&lt;/OldValue&gt;&lt;Value&gt;True&lt;/Value&gt;&lt;/Op&gt;&lt;Op Columnname=&quot;UID_DialogColumn&quot; Type=&quot;Value&quot; ValType=&quot;String&quot; AlreadyApplied=&quot;True&quot;&gt;&lt;OldValue /&gt;&lt;Value&gt;CCC-4F154EA0852B5F4D82C5A0CF30E958D8&lt;/Value&gt;&lt;/Op&gt;&lt;Op Columnname=&quot;UID_DialogGroup&quot; Type=&quot;Value&quot; ValType=&quot;String&quot; AlreadyApplied=&quot;True&quot;&gt;&lt;OldValue /&gt;&lt;Value&gt;CCC-AzViewPermissions&lt;/Value&gt;&lt;/Op&gt;&lt;/Diff&gt;">
               <Value>&lt;Diff&gt;&lt;Data State="None" /&gt;&lt;Op Columnname="CanSee" Type="Value" ValType="Bool" AlreadyApplied="True"&gt;&lt;OldValue&gt;False&lt;/OldValue&gt;&lt;Value&gt;True&lt;/Value&gt;&lt;/Op&gt;&lt;Op Columnname="UID_DialogColumn" Type="Value" ValType="String" AlreadyApplied="True"&gt;&lt;OldValue /&gt;&lt;Value&gt;CCC-4F154EA0852B5F4D82C5A0CF30E958D8&lt;/Value&gt;&lt;/Op&gt;&lt;Op Columnname="UID_DialogGroup" Type="Value" ValType="String" AlreadyApplied="True"&gt;&lt;OldValue /&gt;&lt;Value&gt;CCC-AzViewPermissions&lt;/Value&gt;&lt;/Op&gt;&lt;/Diff&gt;</Value>
            </Column>
            <Column Name="ObjectKey" Display="&lt;Key&gt;&lt;T&gt;DialogColumnGroupRight&lt;/T&gt;&lt;P&gt;CCC-4F154EA0852B5F4D82C5A0CF30E958D8&lt;/P&gt;&lt;P&gt;CCC-AzViewPermissions&lt;/P&gt;&lt;/Key&gt;">
               <Value>&lt;Key&gt;&lt;T&gt;DialogColumnGroupRight&lt;/T&gt;&lt;P&gt;CCC-4F154EA0852B5F4D82C5A0CF30E958D8&lt;/P&gt;&lt;P&gt;CCC-AzViewPermissions&lt;/P&gt;&lt;/Key&gt;</Value>
            </Column>
            <Column Name="SortOrder" Display="2617326159986690">
               <Value>2617326159986690</Value>
            </Column>
            <Column Name="UID_DialogTag" Display="CCC-F64182474EEA274AA53E45458498D9A6">
               <Key>
                  <Table Name="DialogTag" Display="Added AADOrganization reference for CCCLocation" Key="CCC-F64182474EEA274AA53E45458498D9A6">
                     <Prop Name="UID_DialogTag">
                        <Value>CCC-F64182474EEA274AA53E45458498D9A6</Value>
                     </Prop>
                  </Table>
               </Key>
            </Column>
            <Column Name="UID_QBMTaggedChange" Display="CCC-BBE28C15E7C31A4893D35605B9B8904D">
               <Value>CCC-BBE28C15E7C31A4893D35605B9B8904D</Value>
            </Column>
            <Column Name="XDateInserted" Display="1/11/2022 10:13:35 AM">
               <Value>2022-01-11T10:13:35.9870000Z</Value>
            </Column>
            <Column Name="XDateUpdated" Display="1/11/2022 10:13:35 AM">
               <Value>2022-01-11T10:13:35.9870000Z</Value>
            </Column>
            <Column Name="XMarkedForDeletion">
               <Value>0</Value>
            </Column>
            <Column Name="XObjectKey" Display="&lt;Key&gt;&lt;T&gt;QBMTaggedChange&lt;/T&gt;&lt;P&gt;CCC-BBE28C15E7C31A4893D35605B9B8904D&lt;/P&gt;&lt;/Key&gt;">
               <Value>&lt;Key&gt;&lt;T&gt;QBMTaggedChange&lt;/T&gt;&lt;P&gt;CCC-BBE28C15E7C31A4893D35605B9B8904D&lt;/P&gt;&lt;/Key&gt;</Value>
            </Column>
            <Column Name="XTouched">
               <Value />
            </Column>
            <Column Name="XUserInserted" Display="viadmin">
               <Value>viadmin</Value>
            </Column>
            <Column Name="XUserUpdated" Display="viadmin">
               <Value>viadmin</Value>
            </Column>
         </Columns>
      </DbObject>
      <DbObject Display="CCC-F64182474EEA274AA53E45458498D9A6 - &lt;Key&gt;&lt;T&gt;DialogColumnGroupRight&lt;/T&gt;&lt;P&gt;CCC-4F154EA0852B5F4D82C5A0CF30E958D8&lt;/P&gt;&lt;P&gt;CCC-AzViewRole&lt;/P&gt;&lt;/Key&gt;" Version="2">
         <Key>
            <Table Name="QBMTaggedChange" Display="CCC-F64182474EEA274AA53E45458498D9A6 - &lt;Key&gt;&lt;T&gt;DialogColumnGroupRight&lt;/T&gt;&lt;P&gt;CCC-4F154EA0852B5F4D82C5A0CF30E958D8&lt;/P&gt;&lt;P&gt;CCC-AzViewRole&lt;/P&gt;&lt;/Key&gt;" Key="CCC-45BF3856E6CEAC4396345A3B92770D6F">
               <Prop Name="UID_QBMTaggedChange">
                  <Value>CCC-45BF3856E6CEAC4396345A3B92770D6F</Value>
               </Prop>
            </Table>
         </Key>
         <Columns>
            <Column Name="ChangeContent" Display="&lt;Diff&gt;&lt;Data State=&quot;None&quot; /&gt;&lt;Op Columnname=&quot;CanSee&quot; Type=&quot;Value&quot; ValType=&quot;Bool&quot; AlreadyApplied=&quot;True&quot;&gt;&lt;OldValue&gt;False&lt;/OldValue&gt;&lt;Value&gt;True&lt;/Value&gt;&lt;/Op&gt;&lt;Op Columnname=&quot;UID_DialogColumn&quot; Type=&quot;Value&quot; ValType=&quot;String&quot; AlreadyApplied=&quot;True&quot;&gt;&lt;OldValue /&gt;&lt;Value&gt;CCC-4F154EA0852B5F4D82C5A0CF30E958D8&lt;/Value&gt;&lt;/Op&gt;&lt;Op Columnname=&quot;UID_DialogGroup&quot; Type=&quot;Value&quot; ValType=&quot;String&quot; AlreadyApplied=&quot;True&quot;&gt;&lt;OldValue /&gt;&lt;Value&gt;CCC-AzViewRole&lt;/Value&gt;&lt;/Op&gt;&lt;/Diff&gt;">
               <Value>&lt;Diff&gt;&lt;Data State="None" /&gt;&lt;Op Columnname="CanSee" Type="Value" ValType="Bool" AlreadyApplied="True"&gt;&lt;OldValue&gt;False&lt;/OldValue&gt;&lt;Value&gt;True&lt;/Value&gt;&lt;/Op&gt;&lt;Op Columnname="UID_DialogColumn" Type="Value" ValType="String" AlreadyApplied="True"&gt;&lt;OldValue /&gt;&lt;Value&gt;CCC-4F154EA0852B5F4D82C5A0CF30E958D8&lt;/Value&gt;&lt;/Op&gt;&lt;Op Columnname="UID_DialogGroup" Type="Value" ValType="String" AlreadyApplied="True"&gt;&lt;OldValue /&gt;&lt;Value&gt;CCC-AzViewRole&lt;/Value&gt;&lt;/Op&gt;&lt;/Diff&gt;</Value>
            </Column>
            <Column Name="ObjectKey" Display="&lt;Key&gt;&lt;T&gt;DialogColumnGroupRight&lt;/T&gt;&lt;P&gt;CCC-4F154EA0852B5F4D82C5A0CF30E958D8&lt;/P&gt;&lt;P&gt;CCC-AzViewRole&lt;/P&gt;&lt;/Key&gt;">
               <Value>&lt;Key&gt;&lt;T&gt;DialogColumnGroupRight&lt;/T&gt;&lt;P&gt;CCC-4F154EA0852B5F4D82C5A0CF30E958D8&lt;/P&gt;&lt;P&gt;CCC-AzViewRole&lt;/P&gt;&lt;/Key&gt;</Value>
            </Column>
            <Column Name="SortOrder" Display="2617326160117763">
               <Value>2617326160117763</Value>
            </Column>
            <Column Name="UID_DialogTag" Display="CCC-F64182474EEA274AA53E45458498D9A6">
               <Key>
                  <Table Name="DialogTag" Display="Added AADOrganization reference for CCCLocation" Key="CCC-F64182474EEA274AA53E45458498D9A6">
                     <Prop Name="UID_DialogTag">
                        <Value>CCC-F64182474EEA274AA53E45458498D9A6</Value>
                     </Prop>
                  </Table>
               </Key>
            </Column>
            <Column Name="UID_QBMTaggedChange" Display="CCC-45BF3856E6CEAC4396345A3B92770D6F">
               <Value>CCC-45BF3856E6CEAC4396345A3B92770D6F</Value>
            </Column>
            <Column Name="XDateInserted" Display="1/11/2022 10:13:35 AM">
               <Value>2022-01-11T10:13:35.9900000Z</Value>
            </Column>
            <Column Name="XDateUpdated" Display="1/11/2022 10:13:35 AM">
               <Value>2022-01-11T10:13:35.9900000Z</Value>
            </Column>
            <Column Name="XMarkedForDeletion">
               <Value>0</Value>
            </Column>
            <Column Name="XObjectKey" Display="&lt;Key&gt;&lt;T&gt;QBMTaggedChange&lt;/T&gt;&lt;P&gt;CCC-45BF3856E6CEAC4396345A3B92770D6F&lt;/P&gt;&lt;/Key&gt;">
               <Value>&lt;Key&gt;&lt;T&gt;QBMTaggedChange&lt;/T&gt;&lt;P&gt;CCC-45BF3856E6CEAC4396345A3B92770D6F&lt;/P&gt;&lt;/Key&gt;</Value>
            </Column>
            <Column Name="XTouched">
               <Value />
            </Column>
            <Column Name="XUserInserted" Display="viadmin">
               <Value>viadmin</Value>
            </Column>
            <Column Name="XUserUpdated" Display="viadmin">
               <Value>viadmin</Value>
            </Column>
         </Columns>
      </DbObject>
      <DbObject Display="CCC-F64182474EEA274AA53E45458498D9A6 - &lt;Key&gt;&lt;T&gt;QBMCustomSQL&lt;/T&gt;&lt;P&gt;CCC-B569EB5106D2FA7C12F945593545687C&lt;/P&gt;&lt;/Key&gt;" Version="2">
         <Key>
            <Table Name="QBMTaggedChange" Display="CCC-F64182474EEA274AA53E45458498D9A6 - &lt;Key&gt;&lt;T&gt;QBMCustomSQL&lt;/T&gt;&lt;P&gt;CCC-B569EB5106D2FA7C12F945593545687C&lt;/P&gt;&lt;/Key&gt;" Key="CCC-CAE1233249741D479AD32B5FBC20F0A0">
               <Prop Name="UID_QBMTaggedChange">
                  <Value>CCC-CAE1233249741D479AD32B5FBC20F0A0</Value>
               </Prop>
            </Table>
         </Key>
         <Columns>
            <Column Name="ChangeContent" Display="&lt;Diff&gt;&lt;Data /&gt;&lt;Op Columnname=&quot;Remarks&quot; Type=&quot;Value&quot; ValType=&quot;String&quot;&gt;&lt;Value /&gt;&lt;/Op&gt;&lt;Op Columnname=&quot;ScriptCode&quot; Type=&quot;Value&quot; ValType=&quot;String&quot;&gt;&lt;Value&gt;exec QBM_PColumnAdd 'CCCAzLocation', 'CCC_UID_AADOrganization', 'varchar(38) collate database_default NULL'&lt;/Value&gt;&lt;/Op&gt;&lt;Op Columnname=&quot;ScriptName&quot; Type=&quot;Value&quot; ValType=&quot;String&quot;&gt;&lt;Value&gt;CCCAzLocation.CCC_UID_AADOrganization&lt;/Value&gt;&lt;/Op&gt;&lt;Op Columnname=&quot;ScriptType&quot; Type=&quot;Value&quot; ValType=&quot;String&quot;&gt;&lt;Value&gt;C&lt;/Value&gt;&lt;/Op&gt;&lt;Op Columnname=&quot;SortOrder&quot; Type=&quot;Value&quot; ValType=&quot;Int&quot;&gt;&lt;Value&gt;0&lt;/Value&gt;&lt;/Op&gt;&lt;Op Columnname=&quot;UID_QBMCustomSQL&quot; Type=&quot;Value&quot; ValType=&quot;String&quot;&gt;&lt;Value&gt;CCC-B569EB5106D2FA7C12F945593545687C&lt;/Value&gt;&lt;/Op&gt;&lt;/Diff&gt;">
               <Value>&lt;Diff&gt;&lt;Data /&gt;&lt;Op Columnname="Remarks" Type="Value" ValType="String"&gt;&lt;Value /&gt;&lt;/Op&gt;&lt;Op Columnname="ScriptCode" Type="Value" ValType="String"&gt;&lt;Value&gt;exec QBM_PColumnAdd 'CCCAzLocation', 'CCC_UID_AADOrganization', 'varchar(38) collate database_default NULL'&lt;/Value&gt;&lt;/Op&gt;&lt;Op Columnname="ScriptName" Type="Value" ValType="String"&gt;&lt;Value&gt;CCCAzLocation.CCC_UID_AADOrganization&lt;/Value&gt;&lt;/Op&gt;&lt;Op Columnname="ScriptType" Type="Value" ValType="String"&gt;&lt;Value&gt;C&lt;/Value&gt;&lt;/Op&gt;&lt;Op Columnname="SortOrder" Type="Value" ValType="Int"&gt;&lt;Value&gt;0&lt;/Value&gt;&lt;/Op&gt;&lt;Op Columnname="UID_QBMCustomSQL" Type="Value" ValType="String"&gt;&lt;Value&gt;CCC-B569EB5106D2FA7C12F945593545687C&lt;/Value&gt;&lt;/Op&gt;&lt;/Diff&gt;</Value>
            </Column>
            <Column Name="ObjectKey" Display="&lt;Key&gt;&lt;T&gt;QBMCustomSQL&lt;/T&gt;&lt;P&gt;CCC-B569EB5106D2FA7C12F945593545687C&lt;/P&gt;&lt;/Key&gt;">
               <Value>&lt;Key&gt;&lt;T&gt;QBMCustomSQL&lt;/T&gt;&lt;P&gt;CCC-B569EB5106D2FA7C12F945593545687C&lt;/P&gt;&lt;/Key&gt;</Value>
            </Column>
            <Column Name="SortOrder" Display="2617326207172615">
               <Value>2617326207172615</Value>
            </Column>
            <Column Name="UID_DialogTag" Display="CCC-F64182474EEA274AA53E45458498D9A6">
               <Key>
                  <Table Name="DialogTag" Display="Added AADOrganization reference for CCCLocation" Key="CCC-F64182474EEA274AA53E45458498D9A6">
                     <Prop Name="UID_DialogTag">
                        <Value>CCC-F64182474EEA274AA53E45458498D9A6</Value>
                     </Prop>
                  </Table>
               </Key>
            </Column>
            <Column Name="UID_QBMTaggedChange" Display="CCC-CAE1233249741D479AD32B5FBC20F0A0">
               <Value>CCC-CAE1233249741D479AD32B5FBC20F0A0</Value>
            </Column>
            <Column Name="XDateInserted" Display="1/11/2022 10:13:35 AM">
               <Value>2022-01-11T10:13:35.9900000Z</Value>
            </Column>
            <Column Name="XDateUpdated" Display="1/11/2022 10:13:35 AM">
               <Value>2022-01-11T10:13:35.9900000Z</Value>
            </Column>
            <Column Name="XMarkedForDeletion">
               <Value>0</Value>
            </Column>
            <Column Name="XObjectKey" Display="&lt;Key&gt;&lt;T&gt;QBMTaggedChange&lt;/T&gt;&lt;P&gt;CCC-CAE1233249741D479AD32B5FBC20F0A0&lt;/P&gt;&lt;/Key&gt;">
               <Value>&lt;Key&gt;&lt;T&gt;QBMTaggedChange&lt;/T&gt;&lt;P&gt;CCC-CAE1233249741D479AD32B5FBC20F0A0&lt;/P&gt;&lt;/Key&gt;</Value>
            </Column>
            <Column Name="XTouched">
               <Value />
            </Column>
            <Column Name="XUserInserted" Display="viadmin">
               <Value>viadmin</Value>
            </Column>
            <Column Name="XUserUpdated" Display="viadmin">
               <Value>viadmin</Value>
            </Column>
         </Columns>
      </DbObject>
      <DbObject Display="CCC-F64182474EEA274AA53E45458498D9A6 - &lt;Key&gt;&lt;T&gt;QBMCustomSQL&lt;/T&gt;&lt;P&gt;CCC-BFDCA6334AD0A74237ADD217BCB459BF&lt;/P&gt;&lt;/Key&gt;" Version="2">
         <Key>
            <Table Name="QBMTaggedChange" Display="CCC-F64182474EEA274AA53E45458498D9A6 - &lt;Key&gt;&lt;T&gt;QBMCustomSQL&lt;/T&gt;&lt;P&gt;CCC-BFDCA6334AD0A74237ADD217BCB459BF&lt;/P&gt;&lt;/Key&gt;" Key="CCC-8807B3EC29D61842872A1D2BE3235595">
               <Prop Name="UID_QBMTaggedChange">
                  <Value>CCC-8807B3EC29D61842872A1D2BE3235595</Value>
               </Prop>
            </Table>
         </Key>
         <Columns>
            <Column Name="ChangeContent" Display="&lt;Diff&gt;&lt;Data /&gt;&lt;Op Columnname=&quot;Remarks&quot; Type=&quot;Value&quot; ValType=&quot;String&quot;&gt;&lt;Value /&gt;&lt;/Op&gt;&lt;Op Columnname=&quot;ScriptCode&quot; Type=&quot;Value&quot; ValType=&quot;String&quot;&gt;&lt;Value&gt; &#xD;&#xA; if not exists (select top 1 1 from Information_schema.tables where table_name = N'CCCAzLocation')&#xD;&#xA;  begin&#xD;&#xA;	Create Table CCCAzLocation(&#xD;&#xA;	  UID_CCCAzLocation varchar(38) collate database_default NOT NULL&#xD;&#xA;	, XDateInserted datetime NULL&#xD;&#xA;	, XDateUpdated datetime NULL&#xD;&#xA;	, XUserInserted nvarchar(64) collate database_default NULL&#xD;&#xA;	, XUserUpdated nvarchar(64) collate database_default NULL&#xD;&#xA;	, XTouched nchar(1) collate database_default NULL&#xD;&#xA;	, XObjectKey varchar(138) collate database_default NOT NULL&#xD;&#xA;	, XMarkedForDeletion int default 0 NULL&#xD;&#xA;	, CCC_DisplayName nvarchar(128) collate database_default NULL&#xD;&#xA;	, CCC_Ident_AzLocation nvarchar(64) collate database_default NULL&#xD;&#xA;	, CCC_UID_AADOrganization varchar(38) collate database_default NULL&#xD;&#xA;	, primary key CLUSTERED (UID_CCCAzLocation)&#xD;&#xA;	)&#xD;&#xA;	on &quot;PRIMARY&quot;&#xD;&#xA;  end&lt;/Value&gt;&lt;/Op&gt;&lt;Op Columnname=&quot;ScriptName&quot; Type=&quot;Value&quot; ValType=&quot;String&quot;&gt;&lt;Value&gt;CCCAzLocation&lt;/Value&gt;&lt;/Op&gt;&lt;Op Columnname=&quot;ScriptType&quot; Type=&quot;Value&quot; ValType=&quot;String&quot;&gt;&lt;Value&gt;U&lt;/Value&gt;&lt;/Op&gt;&lt;Op Columnname=&quot;SortOrder&quot; Type=&quot;Value&quot; ValType=&quot;Int&quot;&gt;&lt;Value&gt;0&lt;/Value&gt;&lt;/Op&gt;&lt;Op Columnname=&quot;UID_QBMCustomSQL&quot; Type=&quot;Value&quot; ValType=&quot;String&quot;&gt;&lt;Value&gt;CCC-BFDCA6334AD0A74237ADD217BCB459BF&lt;/Value&gt;&lt;/Op&gt;&lt;/Diff&gt;">
               <Value>&lt;Diff&gt;&lt;Data /&gt;&lt;Op Columnname="Remarks" Type="Value" ValType="String"&gt;&lt;Value /&gt;&lt;/Op&gt;&lt;Op Columnname="ScriptCode" Type="Value" ValType="String"&gt;&lt;Value&gt; 
 if not exists (select top 1 1 from Information_schema.tables where table_name = N'CCCAzLocation')
  begin
	Create Table CCCAzLocation(
	  UID_CCCAzLocation varchar(38) collate database_default NOT NULL
	, XDateInserted datetime NULL
	, XDateUpdated datetime NULL
	, XUserInserted nvarchar(64) collate database_default NULL
	, XUserUpdated nvarchar(64) collate database_default NULL
	, XTouched nchar(1) collate database_default NULL
	, XObjectKey varchar(138) collate database_default NOT NULL
	, XMarkedForDeletion int default 0 NULL
	, CCC_DisplayName nvarchar(128) collate database_default NULL
	, CCC_Ident_AzLocation nvarchar(64) collate database_default NULL
	, CCC_UID_AADOrganization varchar(38) collate database_default NULL
	, primary key CLUSTERED (UID_CCCAzLocation)
	)
	on "PRIMARY"
  end&lt;/Value&gt;&lt;/Op&gt;&lt;Op Columnname="ScriptName" Type="Value" ValType="String"&gt;&lt;Value&gt;CCCAzLocation&lt;/Value&gt;&lt;/Op&gt;&lt;Op Columnname="ScriptType" Type="Value" ValType="String"&gt;&lt;Value&gt;U&lt;/Value&gt;&lt;/Op&gt;&lt;Op Columnname="SortOrder" Type="Value" ValType="Int"&gt;&lt;Value&gt;0&lt;/Value&gt;&lt;/Op&gt;&lt;Op Columnname="UID_QBMCustomSQL" Type="Value" ValType="String"&gt;&lt;Value&gt;CCC-BFDCA6334AD0A74237ADD217BCB459BF&lt;/Value&gt;&lt;/Op&gt;&lt;/Diff&gt;</Value>
            </Column>
            <Column Name="ObjectKey" Display="&lt;Key&gt;&lt;T&gt;QBMCustomSQL&lt;/T&gt;&lt;P&gt;CCC-BFDCA6334AD0A74237ADD217BCB459BF&lt;/P&gt;&lt;/Key&gt;">
               <Value>&lt;Key&gt;&lt;T&gt;QBMCustomSQL&lt;/T&gt;&lt;P&gt;CCC-BFDCA6334AD0A74237ADD217BCB459BF&lt;/P&gt;&lt;/Key&gt;</Value>
            </Column>
            <Column Name="SortOrder" Display="2617326206844934">
               <Value>2617326206844934</Value>
            </Column>
            <Column Name="UID_DialogTag" Display="CCC-F64182474EEA274AA53E45458498D9A6">
               <Key>
                  <Table Name="DialogTag" Display="Added AADOrganization reference for CCCLocation" Key="CCC-F64182474EEA274AA53E45458498D9A6">
                     <Prop Name="UID_DialogTag">
                        <Value>CCC-F64182474EEA274AA53E45458498D9A6</Value>
                     </Prop>
                  </Table>
               </Key>
            </Column>
            <Column Name="UID_QBMTaggedChange" Display="CCC-8807B3EC29D61842872A1D2BE3235595">
               <Value>CCC-8807B3EC29D61842872A1D2BE3235595</Value>
            </Column>
            <Column Name="XDateInserted" Display="1/11/2022 10:13:35 AM">
               <Value>2022-01-11T10:13:35.9900000Z</Value>
            </Column>
            <Column Name="XDateUpdated" Display="1/11/2022 10:13:35 AM">
               <Value>2022-01-11T10:13:35.9900000Z</Value>
            </Column>
            <Column Name="XMarkedForDeletion">
               <Value>0</Value>
            </Column>
            <Column Name="XObjectKey" Display="&lt;Key&gt;&lt;T&gt;QBMTaggedChange&lt;/T&gt;&lt;P&gt;CCC-8807B3EC29D61842872A1D2BE3235595&lt;/P&gt;&lt;/Key&gt;">
               <Value>&lt;Key&gt;&lt;T&gt;QBMTaggedChange&lt;/T&gt;&lt;P&gt;CCC-8807B3EC29D61842872A1D2BE3235595&lt;/P&gt;&lt;/Key&gt;</Value>
            </Column>
            <Column Name="XTouched">
               <Value />
            </Column>
            <Column Name="XUserInserted" Display="viadmin">
               <Value>viadmin</Value>
            </Column>
            <Column Name="XUserUpdated" Display="viadmin">
               <Value>viadmin</Value>
            </Column>
         </Columns>
      </DbObject>
      <DbObject Display="CCC-F64182474EEA274AA53E45458498D9A6 - &lt;Key&gt;&lt;T&gt;QBMRelation&lt;/T&gt;&lt;P&gt;CCC-RL-1882901577-0000&lt;/P&gt;&lt;/Key&gt;" Version="2">
         <Key>
            <Table Name="QBMTaggedChange" Display="CCC-F64182474EEA274AA53E45458498D9A6 - &lt;Key&gt;&lt;T&gt;QBMRelation&lt;/T&gt;&lt;P&gt;CCC-RL-1882901577-0000&lt;/P&gt;&lt;/Key&gt;" Key="CCC-A0F333C2713078459E67D36AD5C586D1">
               <Prop Name="UID_QBMTaggedChange">
                  <Value>CCC-A0F333C2713078459E67D36AD5C586D1</Value>
               </Prop>
            </Table>
         </Key>
         <Columns>
            <Column Name="ChangeContent" Display="&lt;Diff&gt;&lt;Data State=&quot;None&quot; /&gt;&lt;Op Columnname=&quot;ChildAllowUpdate&quot; Type=&quot;Value&quot; ValType=&quot;Bool&quot; AlreadyApplied=&quot;True&quot;&gt;&lt;OldValue&gt;False&lt;/OldValue&gt;&lt;Value&gt;True&lt;/Value&gt;&lt;/Op&gt;&lt;Op Columnname=&quot;ChildExecuteBy&quot; Type=&quot;Value&quot; ValType=&quot;String&quot; AlreadyApplied=&quot;True&quot;&gt;&lt;OldValue /&gt;&lt;Value&gt;D&lt;/Value&gt;&lt;/Op&gt;&lt;Op Columnname=&quot;ChildRestriction&quot; Type=&quot;Value&quot; ValType=&quot;String&quot; AlreadyApplied=&quot;True&quot;&gt;&lt;OldValue /&gt;&lt;Value&gt;IR&lt;/Value&gt;&lt;/Op&gt;&lt;Op Columnname=&quot;ParentAllowUpdate&quot; Type=&quot;Value&quot; ValType=&quot;Bool&quot; AlreadyApplied=&quot;True&quot;&gt;&lt;OldValue&gt;False&lt;/OldValue&gt;&lt;Value&gt;True&lt;/Value&gt;&lt;/Op&gt;&lt;Op Columnname=&quot;ParentExecuteBy&quot; Type=&quot;Value&quot; ValType=&quot;String&quot; AlreadyApplied=&quot;True&quot;&gt;&lt;OldValue /&gt;&lt;Value&gt;D&lt;/Value&gt;&lt;/Op&gt;&lt;Op Columnname=&quot;ParentRestriction&quot; Type=&quot;Value&quot; ValType=&quot;String&quot; AlreadyApplied=&quot;True&quot;&gt;&lt;OldValue /&gt;&lt;Value&gt;DS&lt;/Value&gt;&lt;/Op&gt;&lt;Op Columnname=&quot;RelationID&quot; Type=&quot;Value&quot; ValType=&quot;String&quot; AlreadyApplied=&quot;True&quot;&gt;&lt;OldValue /&gt;&lt;Value&gt;CCC-1882901577-0000&lt;/Value&gt;&lt;/Op&gt;&lt;Op Columnname=&quot;UID_ChildColumn&quot; Type=&quot;Value&quot; ValType=&quot;String&quot; AlreadyApplied=&quot;True&quot;&gt;&lt;OldValue /&gt;&lt;Value&gt;CCC-4F154EA0852B5F4D82C5A0CF30E958D8&lt;/Value&gt;&lt;/Op&gt;&lt;Op Columnname=&quot;UID_ParentColumn&quot; Type=&quot;Value&quot; ValType=&quot;String&quot; AlreadyApplied=&quot;True&quot;&gt;&lt;OldValue /&gt;&lt;Value&gt;AAD-F43395FA4DFF4107AAE64DE329769E89&lt;/Value&gt;&lt;/Op&gt;&lt;Op Columnname=&quot;UID_QBMRelation&quot; Type=&quot;Value&quot; ValType=&quot;String&quot; AlreadyApplied=&quot;True&quot;&gt;&lt;OldValue /&gt;&lt;Value&gt;CCC-RL-1882901577-0000&lt;/Value&gt;&lt;/Op&gt;&lt;/Diff&gt;">
               <Value>&lt;Diff&gt;&lt;Data State="None" /&gt;&lt;Op Columnname="ChildAllowUpdate" Type="Value" ValType="Bool" AlreadyApplied="True"&gt;&lt;OldValue&gt;False&lt;/OldValue&gt;&lt;Value&gt;True&lt;/Value&gt;&lt;/Op&gt;&lt;Op Columnname="ChildExecuteBy" Type="Value" ValType="String" AlreadyApplied="True"&gt;&lt;OldValue /&gt;&lt;Value&gt;D&lt;/Value&gt;&lt;/Op&gt;&lt;Op Columnname="ChildRestriction" Type="Value" ValType="String" AlreadyApplied="True"&gt;&lt;OldValue /&gt;&lt;Value&gt;IR&lt;/Value&gt;&lt;/Op&gt;&lt;Op Columnname="ParentAllowUpdate" Type="Value" ValType="Bool" AlreadyApplied="True"&gt;&lt;OldValue&gt;False&lt;/OldValue&gt;&lt;Value&gt;True&lt;/Value&gt;&lt;/Op&gt;&lt;Op Columnname="ParentExecuteBy" Type="Value" ValType="String" AlreadyApplied="True"&gt;&lt;OldValue /&gt;&lt;Value&gt;D&lt;/Value&gt;&lt;/Op&gt;&lt;Op Columnname="ParentRestriction" Type="Value" ValType="String" AlreadyApplied="True"&gt;&lt;OldValue /&gt;&lt;Value&gt;DS&lt;/Value&gt;&lt;/Op&gt;&lt;Op Columnname="RelationID" Type="Value" ValType="String" AlreadyApplied="True"&gt;&lt;OldValue /&gt;&lt;Value&gt;CCC-1882901577-0000&lt;/Value&gt;&lt;/Op&gt;&lt;Op Columnname="UID_ChildColumn" Type="Value" ValType="String" AlreadyApplied="True"&gt;&lt;OldValue /&gt;&lt;Value&gt;CCC-4F154EA0852B5F4D82C5A0CF30E958D8&lt;/Value&gt;&lt;/Op&gt;&lt;Op Columnname="UID_ParentColumn" Type="Value" ValType="String" AlreadyApplied="True"&gt;&lt;OldValue /&gt;&lt;Value&gt;AAD-F43395FA4DFF4107AAE64DE329769E89&lt;/Value&gt;&lt;/Op&gt;&lt;Op Columnname="UID_QBMRelation" Type="Value" ValType="String" AlreadyApplied="True"&gt;&lt;OldValue /&gt;&lt;Value&gt;CCC-RL-1882901577-0000&lt;/Value&gt;&lt;/Op&gt;&lt;/Diff&gt;</Value>
            </Column>
            <Column Name="ObjectKey" Display="&lt;Key&gt;&lt;T&gt;QBMRelation&lt;/T&gt;&lt;P&gt;CCC-RL-1882901577-0000&lt;/P&gt;&lt;/Key&gt;">
               <Value>&lt;Key&gt;&lt;T&gt;QBMRelation&lt;/T&gt;&lt;P&gt;CCC-RL-1882901577-0000&lt;/P&gt;&lt;/Key&gt;</Value>
            </Column>
            <Column Name="SortOrder" Display="2617326159069185">
               <Value>2617326159069185</Value>
            </Column>
            <Column Name="UID_DialogTag" Display="CCC-F64182474EEA274AA53E45458498D9A6">
               <Key>
                  <Table Name="DialogTag" Display="Added AADOrganization reference for CCCLocation" Key="CCC-F64182474EEA274AA53E45458498D9A6">
                     <Prop Name="UID_DialogTag">
                        <Value>CCC-F64182474EEA274AA53E45458498D9A6</Value>
                     </Prop>
                  </Table>
               </Key>
            </Column>
            <Column Name="UID_QBMTaggedChange" Display="CCC-A0F333C2713078459E67D36AD5C586D1">
               <Value>CCC-A0F333C2713078459E67D36AD5C586D1</Value>
            </Column>
            <Column Name="XDateInserted" Display="1/11/2022 10:13:35 AM">
               <Value>2022-01-11T10:13:35.9930000Z</Value>
            </Column>
            <Column Name="XDateUpdated" Display="1/11/2022 10:13:35 AM">
               <Value>2022-01-11T10:13:35.9930000Z</Value>
            </Column>
            <Column Name="XMarkedForDeletion">
               <Value>0</Value>
            </Column>
            <Column Name="XObjectKey" Display="&lt;Key&gt;&lt;T&gt;QBMTaggedChange&lt;/T&gt;&lt;P&gt;CCC-A0F333C2713078459E67D36AD5C586D1&lt;/P&gt;&lt;/Key&gt;">
               <Value>&lt;Key&gt;&lt;T&gt;QBMTaggedChange&lt;/T&gt;&lt;P&gt;CCC-A0F333C2713078459E67D36AD5C586D1&lt;/P&gt;&lt;/Key&gt;</Value>
            </Column>
            <Column Name="XTouched">
               <Value />
            </Column>
            <Column Name="XUserInserted" Display="viadmin">
               <Value>viadmin</Value>
            </Column>
            <Column Name="XUserUpdated" Display="viadmin">
               <Value>viadmin</Value>
            </Column>
         </Columns>
      </DbObject>
   </DbObjects>
</Container>